Id,Pred
2016_1112_1114,0.5
2016_1112_1122,0.5
2016_1112_1124,0.5
2016_1112_1138,0.5
2016_1112_1139,0.5
2016_1112_1143,0.5
2016_1112_1151,0.5
2016_1112_1153,0.5
2016_1112_1160,0.5
2016_1112_1163,0.5
2016_1112_1167,0.5
2016_1112_1173,0.5
2016_1112_1181,0.5
2016_1112_1192,0.5
2016_1112_1195,0.5
2016_1112_1201,0.5
2016_1112_1211,0.5
2016_1112_1214,0.5
2016_1112_1218,0.5
2016_1112_1221,0.5
2016_1112_1231,0.5
2016_1112_1233,0.5
2016_1112_1234,0.5
2016_1112_1235,0.5
2016_1112_1242,0.5
2016_1112_1246,0.5
2016_1112_1268,0.5
2016_1112_1274,0.5
2016_1112_1276,0.5
2016_1112_1277,0.5
2016_1112_1292,0.5
2016_1112_1314,0.5
2016_1112_1320,0.5
2016_1112_1323,0.5
2016_1112_1328,0.5
2016_1112_1332,0.5
2016_1112_1333,0.5
2016_1112_1338,0.5
2016_1112_1344,0.5
2016_1112_1345,0.5
2016_1112_1355,0.5
2016_1112_1371,0.5
2016_1112_1372,0.5
2016_1112_1380,0.5
2016_1112_1386,0.5
2016_1112_1392,0.5
2016_1112_1393,0.5
2016_1112_1396,0.5
2016_1112_1400,0.5
2016_1112_1401,0.5
2016_1112_1403,0.5
2016_1112_1409,0.5
2016_1112_1421,0.5
2016_1112_1423,0.5
2016_1112_1425,0.5
2016_1112_1428,0.5
2016_1112_1433,0.5
2016_1112_1435,0.5
2016_1112_1437,0.5
2016_1112_1438,0.5
2016_1112_1451,0.5
2016_1112_1452,0.5
2016_1112_1453,0.5
2016_1112_1455,0.5
2016_1112_1458,0.5
2016_1112_1462,0.5
2016_1112_1463,0.5
2016_1114_1122,0.5
2016_1114_1124,0.5
2016_1114_1138,0.5
2016_1114_1139,0.5
2016_1114_1143,0.5
2016_1114_1151,0.5
2016_1114_1153,0.5
2016_1114_1160,0.5
2016_1114_1163,0.5
2016_1114_1167,0.5
2016_1114_1173,0.5
2016_1114_1181,0.5
2016_1114_1192,0.5
2016_1114_1195,0.5
2016_1114_1201,0.5
2016_1114_1211,0.5
2016_1114_1214,0.5
2016_1114_1218,0.5
2016_1114_1221,0.5
2016_1114_1231,0.5
2016_1114_1233,0.5
2016_1114_1234,0.5
2016_1114_1235,0.5
2016_1114_1242,0.5
2016_1114_1246,0.5
2016_1114_1268,0.5
2016_1114_1274,0.5
2016_1114_1276,0.5
2016_1114_1277,0.5
2016_1114_1292,0.5
2016_1114_1314,0.5
2016_1114_1320,0.5
2016_1114_1323,0.5
2016_1114_1328,0.5
2016_1114_1332,0.5
2016_1114_1333,0.5
2016_1114_1338,0.5
2016_1114_1344,0.5
2016_1114_1345,0.5
2016_1114_1355,0.5
2016_1114_1371,0.5
2016_1114_1372,0.5
2016_1114_1380,0.5
2016_1114_1386,0.5
2016_1114_1392,0.5
2016_1114_1393,0.5
2016_1114_1396,0.5
2016_1114_1400,0.5
2016_1114_1401,0.5
2016_1114_1403,0.5
2016_1114_1409,0.5
2016_1114_1421,0.5
2016_1114_1423,0.5
2016_1114_1425,0.5
2016_1114_1428,0.5
2016_1114_1433,0.5
2016_1114_1435,0.5
2016_1114_1437,0.5
2016_1114_1438,0.5
2016_1114_1451,0.5
2016_1114_1452,0.5
2016_1114_1453,0.5
2016_1114_1455,0.5
2016_1114_1458,0.5
2016_1114_1462,0.5
2016_1114_1463,0.5
2016_1122_1124,0.5
2016_1122_1138,0.5
2016_1122_1139,0.5
2016_1122_1143,0.5
2016_1122_1151,0.5
2016_1122_1153,0.5
2016_1122_1160,0.5
2016_1122_1163,0.5
2016_1122_1167,0.5
2016_1122_1173,0.5
2016_1122_1181,0.5
2016_1122_1192,0.5
2016_1122_1195,0.5
2016_1122_1201,0.5
2016_1122_1211,0.5
2016_1122_1214,0.5
2016_1122_1218,0.5
2016_1122_1221,0.5
2016_1122_1231,0.5
2016_1122_1233,0.5
2016_1122_1234,0.5
2016_1122_1235,0.5
2016_1122_1242,0.5
2016_1122_1246,0.5
2016_1122_1268,0.5
2016_1122_1274,0.5
2016_1122_1276,0.5
2016_1122_1277,0.5
2016_1122_1292,0.5
2016_1122_1314,0.5
2016_1122_1320,0.5
2016_1122_1323,0.5
2016_1122_1328,0.5
2016_1122_1332,0.5
2016_1122_1333,0.5
2016_1122_1338,0.5
2016_1122_1344,0.5
2016_1122_1345,0.5
2016_1122_1355,0.5
2016_1122_1371,0.5
2016_1122_1372,0.5
2016_1122_1380,0.5
2016_1122_1386,0.5
2016_1122_1392,0.5
2016_1122_1393,0.5
2016_1122_1396,0.5
2016_1122_1400,0.5
2016_1122_1401,0.5
2016_1122_1403,0.5
2016_1122_1409,0.5
2016_1122_1421,0.5
2016_1122_1423,0.5
2016_1122_1425,0.5
2016_1122_1428,0.5
2016_1122_1433,0.5
2016_1122_1435,0.5
2016_1122_1437,0.5
2016_1122_1438,0.5
2016_1122_1451,0.5
2016_1122_1452,0.5
2016_1122_1453,0.5
2016_1122_1455,0.5
2016_1122_1458,0.5
2016_1122_1462,0.5
2016_1122_1463,0.5
2016_1124_1138,0.5
2016_1124_1139,0.5
2016_1124_1143,0.5
2016_1124_1151,0.5
2016_1124_1153,0.5
2016_1124_1160,0.5
2016_1124_1163,0.5
2016_1124_1167,0.5
2016_1124_1173,0.5
2016_1124_1181,0.5
2016_1124_1192,0.5
2016_1124_1195,0.5
2016_1124_1201,0.5
2016_1124_1211,0.5
2016_1124_1214,0.5
2016_1124_1218,0.5
2016_1124_1221,0.5
2016_1124_1231,0.5
2016_1124_1233,0.5
2016_1124_1234,0.5
2016_1124_1235,0.5
2016_1124_1242,0.5
2016_1124_1246,0.5
2016_1124_1268,0.5
2016_1124_1274,0.5
2016_1124_1276,0.5
2016_1124_1277,0.5
2016_1124_1292,0.5
2016_1124_1314,0.5
2016_1124_1320,0.5
2016_1124_1323,0.5
2016_1124_1328,0.5
2016_1124_1332,0.5
2016_1124_1333,0.5
2016_1124_1338,0.5
2016_1124_1344,0.5
2016_1124_1345,0.5
2016_1124_1355,0.5
2016_1124_1371,0.5
2016_1124_1372,0.5
2016_1124_1380,0.5
2016_1124_1386,0.5
2016_1124_1392,0.5
2016_1124_1393,0.5
2016_1124_1396,0.5
2016_1124_1400,0.5
2016_1124_1401,0.5
2016_1124_1403,0.5
2016_1124_1409,0.5
2016_1124_1421,0.5
2016_1124_1423,0.5
2016_1124_1425,0.5
2016_1124_1428,0.5
2016_1124_1433,0.5
2016_1124_1435,0.5
2016_1124_1437,0.5
2016_1124_1438,0.5
2016_1124_1451,0.5
2016_1124_1452,0.5
2016_1124_1453,0.5
2016_1124_1455,0.5
2016_1124_1458,0.5
2016_1124_1462,0.5
2016_1124_1463,0.5
2016_1138_1139,0.5
2016_1138_1143,0.5
2016_1138_1151,0.5
2016_1138_1153,0.5
2016_1138_1160,0.5
2016_1138_1163,0.5
2016_1138_1167,0.5
2016_1138_1173,0.5
2016_1138_1181,0.5
2016_1138_1192,0.5
2016_1138_1195,0.5
2016_1138_1201,0.5
2016_1138_1211,0.5
2016_1138_1214,0.5
2016_1138_1218,0.5
2016_1138_1221,0.5
2016_1138_1231,0.5
2016_1138_1233,0.5
2016_1138_1234,0.5
2016_1138_1235,0.5
2016_1138_1242,0.5
2016_1138_1246,0.5
2016_1138_1268,0.5
2016_1138_1274,0.5
2016_1138_1276,0.5
2016_1138_1277,0.5
2016_1138_1292,0.5
2016_1138_1314,0.5
2016_1138_1320,0.5
2016_1138_1323,0.5
2016_1138_1328,0.5
2016_1138_1332,0.5
2016_1138_1333,0.5
2016_1138_1338,0.5
2016_1138_1344,0.5
2016_1138_1345,0.5
2016_1138_1355,0.5
2016_1138_1371,0.5
2016_1138_1372,0.5
2016_1138_1380,0.5
2016_1138_1386,0.5
2016_1138_1392,0.5
2016_1138_1393,0.5
2016_1138_1396,0.5
2016_1138_1400,0.5
2016_1138_1401,0.5
2016_1138_1403,0.5
2016_1138_1409,0.5
2016_1138_1421,0.5
2016_1138_1423,0.5
2016_1138_1425,0.5
2016_1138_1428,0.5
2016_1138_1433,0.5
2016_1138_1435,0.5
2016_1138_1437,0.5
2016_1138_1438,0.5
2016_1138_1451,0.5
2016_1138_1452,0.5
2016_1138_1453,0.5
2016_1138_1455,0.5
2016_1138_1458,0.5
2016_1138_1462,0.5
2016_1138_1463,0.5
2016_1139_1143,0.5
2016_1139_1151,0.5
2016_1139_1153,0.5
2016_1139_1160,0.5
2016_1139_1163,0.5
2016_1139_1167,0.5
2016_1139_1173,0.5
2016_1139_1181,0.5
2016_1139_1192,0.5
2016_1139_1195,0.5
2016_1139_1201,0.5
2016_1139_1211,0.5
2016_1139_1214,0.5
2016_1139_1218,0.5
2016_1139_1221,0.5
2016_1139_1231,0.5
2016_1139_1233,0.5
2016_1139_1234,0.5
2016_1139_1235,0.5
2016_1139_1242,0.5
2016_1139_1246,0.5
2016_1139_1268,0.5
2016_1139_1274,0.5
2016_1139_1276,0.5
2016_1139_1277,0.5
2016_1139_1292,0.5
2016_1139_1314,0.5
2016_1139_1320,0.5
2016_1139_1323,0.5
2016_1139_1328,0.5
2016_1139_1332,0.5
2016_1139_1333,0.5
2016_1139_1338,0.5
2016_1139_1344,0.5
2016_1139_1345,0.5
2016_1139_1355,0.5
2016_1139_1371,0.5
2016_1139_1372,0.5
2016_1139_1380,0.5
2016_1139_1386,0.5
2016_1139_1392,0.5
2016_1139_1393,0.5
2016_1139_1396,0.5
2016_1139_1400,0.5
2016_1139_1401,0.5
2016_1139_1403,0.5
2016_1139_1409,0.5
2016_1139_1421,0.5
2016_1139_1423,0.5
2016_1139_1425,0.5
2016_1139_1428,0.5
2016_1139_1433,0.5
2016_1139_1435,0.5
2016_1139_1437,0.5
2016_1139_1438,0.5
2016_1139_1451,0.5
2016_1139_1452,0.5
2016_1139_1453,0.5
2016_1139_1455,0.5
2016_1139_1458,0.5
2016_1139_1462,0.5
2016_1139_1463,0.5
2016_1143_1151,0.5
2016_1143_1153,0.5
2016_1143_1160,0.5
2016_1143_1163,0.5
2016_1143_1167,0.5
2016_1143_1173,0.5
2016_1143_1181,0.5
2016_1143_1192,0.5
2016_1143_1195,0.5
2016_1143_1201,0.5
2016_1143_1211,0.5
2016_1143_1214,0.5
2016_1143_1218,0.5
2016_1143_1221,0.5
2016_1143_1231,0.5
2016_1143_1233,0.5
2016_1143_1234,0.5
2016_1143_1235,0.5
2016_1143_1242,0.5
2016_1143_1246,0.5
2016_1143_1268,0.5
2016_1143_1274,0.5
2016_1143_1276,0.5
2016_1143_1277,0.5
2016_1143_1292,0.5
2016_1143_1314,0.5
2016_1143_1320,0.5
2016_1143_1323,0.5
2016_1143_1328,0.5
2016_1143_1332,0.5
2016_1143_1333,0.5
2016_1143_1338,0.5
2016_1143_1344,0.5
2016_1143_1345,0.5
2016_1143_1355,0.5
2016_1143_1371,0.5
2016_1143_1372,0.5
2016_1143_1380,0.5
2016_1143_1386,0.5
2016_1143_1392,0.5
2016_1143_1393,0.5
2016_1143_1396,0.5
2016_1143_1400,0.5
2016_1143_1401,0.5
2016_1143_1403,0.5
2016_1143_1409,0.5
2016_1143_1421,0.5
2016_1143_1423,0.5
2016_1143_1425,0.5
2016_1143_1428,0.5
2016_1143_1433,0.5
2016_1143_1435,0.5
2016_1143_1437,0.5
2016_1143_1438,0.5
2016_1143_1451,0.5
2016_1143_1452,0.5
2016_1143_1453,0.5
2016_1143_1455,0.5
2016_1143_1458,0.5
2016_1143_1462,0.5
2016_1143_1463,0.5
2016_1151_1153,0.5
2016_1151_1160,0.5
2016_1151_1163,0.5
2016_1151_1167,0.5
2016_1151_1173,0.5
2016_1151_1181,0.5
2016_1151_1192,0.5
2016_1151_1195,0.5
2016_1151_1201,0.5
2016_1151_1211,0.5
2016_1151_1214,0.5
2016_1151_1218,0.5
2016_1151_1221,0.5
2016_1151_1231,0.5
2016_1151_1233,0.5
2016_1151_1234,0.5
2016_1151_1235,0.5
2016_1151_1242,0.5
2016_1151_1246,0.5
2016_1151_1268,0.5
2016_1151_1274,0.5
2016_1151_1276,0.5
2016_1151_1277,0.5
2016_1151_1292,0.5
2016_1151_1314,0.5
2016_1151_1320,0.5
2016_1151_1323,0.5
2016_1151_1328,0.5
2016_1151_1332,0.5
2016_1151_1333,0.5
2016_1151_1338,0.5
2016_1151_1344,0.5
2016_1151_1345,0.5
2016_1151_1355,0.5
2016_1151_1371,0.5
2016_1151_1372,0.5
2016_1151_1380,0.5
2016_1151_1386,0.5
2016_1151_1392,0.5
2016_1151_1393,0.5
2016_1151_1396,0.5
2016_1151_1400,0.5
2016_1151_1401,0.5
2016_1151_1403,0.5
2016_1151_1409,0.5
2016_1151_1421,0.5
2016_1151_1423,0.5
2016_1151_1425,0.5
2016_1151_1428,0.5
2016_1151_1433,0.5
2016_1151_1435,0.5
2016_1151_1437,0.5
2016_1151_1438,0.5
2016_1151_1451,0.5
2016_1151_1452,0.5
2016_1151_1453,0.5
2016_1151_1455,0.5
2016_1151_1458,0.5
2016_1151_1462,0.5
2016_1151_1463,0.5
2016_1153_1160,0.5
2016_1153_1163,0.5
2016_1153_1167,0.5
2016_1153_1173,0.5
2016_1153_1181,0.5
2016_1153_1192,0.5
2016_1153_1195,0.5
2016_1153_1201,0.5
2016_1153_1211,0.5
2016_1153_1214,0.5
2016_1153_1218,0.5
2016_1153_1221,0.5
2016_1153_1231,0.5
2016_1153_1233,0.5
2016_1153_1234,0.5
2016_1153_1235,0.5
2016_1153_1242,0.5
2016_1153_1246,0.5
2016_1153_1268,0.5
2016_1153_1274,0.5
2016_1153_1276,0.5
2016_1153_1277,0.5
2016_1153_1292,0.5
2016_1153_1314,0.5
2016_1153_1320,0.5
2016_1153_1323,0.5
2016_1153_1328,0.5
2016_1153_1332,0.5
2016_1153_1333,0.5
2016_1153_1338,0.5
2016_1153_1344,0.5
2016_1153_1345,0.5
2016_1153_1355,0.5
2016_1153_1371,0.5
2016_1153_1372,0.5
2016_1153_1380,0.5
2016_1153_1386,0.5
2016_1153_1392,0.5
2016_1153_1393,0.5
2016_1153_1396,0.5
2016_1153_1400,0.5
2016_1153_1401,0.5
2016_1153_1403,0.5
2016_1153_1409,0.5
2016_1153_1421,0.5
2016_1153_1423,0.5
2016_1153_1425,0.5
2016_1153_1428,0.5
2016_1153_1433,0.5
2016_1153_1435,0.5
2016_1153_1437,0.5
2016_1153_1438,0.5
2016_1153_1451,0.5
2016_1153_1452,0.5
2016_1153_1453,0.5
2016_1153_1455,0.5
2016_1153_1458,0.5
2016_1153_1462,0.5
2016_1153_1463,0.5
2016_1160_1163,0.5
2016_1160_1167,0.5
2016_1160_1173,0.5
2016_1160_1181,0.5
2016_1160_1192,0.5
2016_1160_1195,0.5
2016_1160_1201,0.5
2016_1160_1211,0.5
2016_1160_1214,0.5
2016_1160_1218,0.5
2016_1160_1221,0.5
2016_1160_1231,0.5
2016_1160_1233,0.5
2016_1160_1234,0.5
2016_1160_1235,0.5
2016_1160_1242,0.5
2016_1160_1246,0.5
2016_1160_1268,0.5
2016_1160_1274,0.5
2016_1160_1276,0.5
2016_1160_1277,0.5
2016_1160_1292,0.5
2016_1160_1314,0.5
2016_1160_1320,0.5
2016_1160_1323,0.5
2016_1160_1328,0.5
2016_1160_1332,0.5
2016_1160_1333,0.5
2016_1160_1338,0.5
2016_1160_1344,0.5
2016_1160_1345,0.5
2016_1160_1355,0.5
2016_1160_1371,0.5
2016_1160_1372,0.5
2016_1160_1380,0.5
2016_1160_1386,0.5
2016_1160_1392,0.5
2016_1160_1393,0.5
2016_1160_1396,0.5
2016_1160_1400,0.5
2016_1160_1401,0.5
2016_1160_1403,0.5
2016_1160_1409,0.5
2016_1160_1421,0.5
2016_1160_1423,0.5
2016_1160_1425,0.5
2016_1160_1428,0.5
2016_1160_1433,0.5
2016_1160_1435,0.5
2016_1160_1437,0.5
2016_1160_1438,0.5
2016_1160_1451,0.5
2016_1160_1452,0.5
2016_1160_1453,0.5
2016_1160_1455,0.5
2016_1160_1458,0.5
2016_1160_1462,0.5
2016_1160_1463,0.5
2016_1163_1167,0.5
2016_1163_1173,0.5
2016_1163_1181,0.5
2016_1163_1192,0.5
2016_1163_1195,0.5
2016_1163_1201,0.5
2016_1163_1211,0.5
2016_1163_1214,0.5
2016_1163_1218,0.5
2016_1163_1221,0.5
2016_1163_1231,0.5
2016_1163_1233,0.5
2016_1163_1234,0.5
2016_1163_1235,0.5
2016_1163_1242,0.5
2016_1163_1246,0.5
2016_1163_1268,0.5
2016_1163_1274,0.5
2016_1163_1276,0.5
2016_1163_1277,0.5
2016_1163_1292,0.5
2016_1163_1314,0.5
2016_1163_1320,0.5
2016_1163_1323,0.5
2016_1163_1328,0.5
2016_1163_1332,0.5
2016_1163_1333,0.5
2016_1163_1338,0.5
2016_1163_1344,0.5
2016_1163_1345,0.5
2016_1163_1355,0.5
2016_1163_1371,0.5
2016_1163_1372,0.5
2016_1163_1380,0.5
2016_1163_1386,0.5
2016_1163_1392,0.5
2016_1163_1393,0.5
2016_1163_1396,0.5
2016_1163_1400,0.5
2016_1163_1401,0.5
2016_1163_1403,0.5
2016_1163_1409,0.5
2016_1163_1421,0.5
2016_1163_1423,0.5
2016_1163_1425,0.5
2016_1163_1428,0.5
2016_1163_1433,0.5
2016_1163_1435,0.5
2016_1163_1437,0.5
2016_1163_1438,0.5
2016_1163_1451,0.5
2016_1163_1452,0.5
2016_1163_1453,0.5
2016_1163_1455,0.5
2016_1163_1458,0.5
2016_1163_1462,0.5
2016_1163_1463,0.5
2016_1167_1173,0.5
2016_1167_1181,0.5
2016_1167_1192,0.5
2016_1167_1195,0.5
2016_1167_1201,0.5
2016_1167_1211,0.5
2016_1167_1214,0.5
2016_1167_1218,0.5
2016_1167_1221,0.5
2016_1167_1231,0.5
2016_1167_1233,0.5
2016_1167_1234,0.5
2016_1167_1235,0.5
2016_1167_1242,0.5
2016_1167_1246,0.5
2016_1167_1268,0.5
2016_1167_1274,0.5
2016_1167_1276,0.5
2016_1167_1277,0.5
2016_1167_1292,0.5
2016_1167_1314,0.5
2016_1167_1320,0.5
2016_1167_1323,0.5
2016_1167_1328,0.5
2016_1167_1332,0.5
2016_1167_1333,0.5
2016_1167_1338,0.5
2016_1167_1344,0.5
2016_1167_1345,0.5
2016_1167_1355,0.5
2016_1167_1371,0.5
2016_1167_1372,0.5
2016_1167_1380,0.5
2016_1167_1386,0.5
2016_1167_1392,0.5
2016_1167_1393,0.5
2016_1167_1396,0.5
2016_1167_1400,0.5
2016_1167_1401,0.5
2016_1167_1403,0.5
2016_1167_1409,0.5
2016_1167_1421,0.5
2016_1167_1423,0.5
2016_1167_1425,0.5
2016_1167_1428,0.5
2016_1167_1433,0.5
2016_1167_1435,0.5
2016_1167_1437,0.5
2016_1167_1438,0.5
2016_1167_1451,0.5
2016_1167_1452,0.5
2016_1167_1453,0.5
2016_1167_1455,0.5
2016_1167_1458,0.5
2016_1167_1462,0.5
2016_1167_1463,0.5
2016_1173_1181,0.5
2016_1173_1192,0.5
2016_1173_1195,0.5
2016_1173_1201,0.5
2016_1173_1211,0.5
2016_1173_1214,0.5
2016_1173_1218,0.5
2016_1173_1221,0.5
2016_1173_1231,0.5
2016_1173_1233,0.5
2016_1173_1234,0.5
2016_1173_1235,0.5
2016_1173_1242,0.5
2016_1173_1246,0.5
2016_1173_1268,0.5
2016_1173_1274,0.5
2016_1173_1276,0.5
2016_1173_1277,0.5
2016_1173_1292,0.5
2016_1173_1314,0.5
2016_1173_1320,0.5
2016_1173_1323,0.5
2016_1173_1328,0.5
2016_1173_1332,0.5
2016_1173_1333,0.5
2016_1173_1338,0.5
2016_1173_1344,0.5
2016_1173_1345,0.5
2016_1173_1355,0.5
2016_1173_1371,0.5
2016_1173_1372,0.5
2016_1173_1380,0.5
2016_1173_1386,0.5
2016_1173_1392,0.5
2016_1173_1393,0.5
2016_1173_1396,0.5
2016_1173_1400,0.5
2016_1173_1401,0.5
2016_1173_1403,0.5
2016_1173_1409,0.5
2016_1173_1421,0.5
2016_1173_1423,0.5
2016_1173_1425,0.5
2016_1173_1428,0.5
2016_1173_1433,0.5
2016_1173_1435,0.5
2016_1173_1437,0.5
2016_1173_1438,0.5
2016_1173_1451,0.5
2016_1173_1452,0.5
2016_1173_1453,0.5
2016_1173_1455,0.5
2016_1173_1458,0.5
2016_1173_1462,0.5
2016_1173_1463,0.5
2016_1181_1192,0.5
2016_1181_1195,0.5
2016_1181_1201,0.5
2016_1181_1211,0.5
2016_1181_1214,0.5
2016_1181_1218,0.5
2016_1181_1221,0.5
2016_1181_1231,0.5
2016_1181_1233,0.5
2016_1181_1234,0.5
2016_1181_1235,0.5
2016_1181_1242,0.5
2016_1181_1246,0.5
2016_1181_1268,0.5
2016_1181_1274,0.5
2016_1181_1276,0.5
2016_1181_1277,0.5
2016_1181_1292,0.5
2016_1181_1314,0.5
2016_1181_1320,0.5
2016_1181_1323,0.5
2016_1181_1328,0.5
2016_1181_1332,0.5
2016_1181_1333,0.5
2016_1181_1338,0.5
2016_1181_1344,0.5
2016_1181_1345,0.5
2016_1181_1355,0.5
2016_1181_1371,0.5
2016_1181_1372,0.5
2016_1181_1380,0.5
2016_1181_1386,0.5
2016_1181_1392,0.5
2016_1181_1393,0.5
2016_1181_1396,0.5
2016_1181_1400,0.5
2016_1181_1401,0.5
2016_1181_1403,0.5
2016_1181_1409,0.5
2016_1181_1421,0.5
2016_1181_1423,0.5
2016_1181_1425,0.5
2016_1181_1428,0.5
2016_1181_1433,0.5
2016_1181_1435,0.5
2016_1181_1437,0.5
2016_1181_1438,0.5
2016_1181_1451,0.5
2016_1181_1452,0.5
2016_1181_1453,0.5
2016_1181_1455,0.5
2016_1181_1458,0.5
2016_1181_1462,0.5
2016_1181_1463,0.5
2016_1192_1195,0.5
2016_1192_1201,0.5
2016_1192_1211,0.5
2016_1192_1214,0.5
2016_1192_1218,0.5
2016_1192_1221,0.5
2016_1192_1231,0.5
2016_1192_1233,0.5
2016_1192_1234,0.5
2016_1192_1235,0.5
2016_1192_1242,0.5
2016_1192_1246,0.5
2016_1192_1268,0.5
2016_1192_1274,0.5
2016_1192_1276,0.5
2016_1192_1277,0.5
2016_1192_1292,0.5
2016_1192_1314,0.5
2016_1192_1320,0.5
2016_1192_1323,0.5
2016_1192_1328,0.5
2016_1192_1332,0.5
2016_1192_1333,0.5
2016_1192_1338,0.5
2016_1192_1344,0.5
2016_1192_1345,0.5
2016_1192_1355,0.5
2016_1192_1371,0.5
2016_1192_1372,0.5
2016_1192_1380,0.5
2016_1192_1386,0.5
2016_1192_1392,0.5
2016_1192_1393,0.5
2016_1192_1396,0.5
2016_1192_1400,0.5
2016_1192_1401,0.5
2016_1192_1403,0.5
2016_1192_1409,0.5
2016_1192_1421,0.5
2016_1192_1423,0.5
2016_1192_1425,0.5
2016_1192_1428,0.5
2016_1192_1433,0.5
2016_1192_1435,0.5
2016_1192_1437,0.5
2016_1192_1438,0.5
2016_1192_1451,0.5
2016_1192_1452,0.5
2016_1192_1453,0.5
2016_1192_1455,0.5
2016_1192_1458,0.5
2016_1192_1462,0.5
2016_1192_1463,0.5
2016_1195_1201,0.5
2016_1195_1211,0.5
2016_1195_1214,0.5
2016_1195_1218,0.5
2016_1195_1221,0.5
2016_1195_1231,0.5
2016_1195_1233,0.5
2016_1195_1234,0.5
2016_1195_1235,0.5
2016_1195_1242,0.5
2016_1195_1246,0.5
2016_1195_1268,0.5
2016_1195_1274,0.5
2016_1195_1276,0.5
2016_1195_1277,0.5
2016_1195_1292,0.5
2016_1195_1314,0.5
2016_1195_1320,0.5
2016_1195_1323,0.5
2016_1195_1328,0.5
2016_1195_1332,0.5
2016_1195_1333,0.5
2016_1195_1338,0.5
2016_1195_1344,0.5
2016_1195_1345,0.5
2016_1195_1355,0.5
2016_1195_1371,0.5
2016_1195_1372,0.5
2016_1195_1380,0.5
2016_1195_1386,0.5
2016_1195_1392,0.5
2016_1195_1393,0.5
2016_1195_1396,0.5
2016_1195_1400,0.5
2016_1195_1401,0.5
2016_1195_1403,0.5
2016_1195_1409,0.5
2016_1195_1421,0.5
2016_1195_1423,0.5
2016_1195_1425,0.5
2016_1195_1428,0.5
2016_1195_1433,0.5
2016_1195_1435,0.5
2016_1195_1437,0.5
2016_1195_1438,0.5
2016_1195_1451,0.5
2016_1195_1452,0.5
2016_1195_1453,0.5
2016_1195_1455,0.5
2016_1195_1458,0.5
2016_1195_1462,0.5
2016_1195_1463,0.5
2016_1201_1211,0.5
2016_1201_1214,0.5
2016_1201_1218,0.5
2016_1201_1221,0.5
2016_1201_1231,0.5
2016_1201_1233,0.5
2016_1201_1234,0.5
2016_1201_1235,0.5
2016_1201_1242,0.5
2016_1201_1246,0.5
2016_1201_1268,0.5
2016_1201_1274,0.5
2016_1201_1276,0.5
2016_1201_1277,0.5
2016_1201_1292,0.5
2016_1201_1314,0.5
2016_1201_1320,0.5
2016_1201_1323,0.5
2016_1201_1328,0.5
2016_1201_1332,0.5
2016_1201_1333,0.5
2016_1201_1338,0.5
2016_1201_1344,0.5
2016_1201_1345,0.5
2016_1201_1355,0.5
2016_1201_1371,0.5
2016_1201_1372,0.5
2016_1201_1380,0.5
2016_1201_1386,0.5
2016_1201_1392,0.5
2016_1201_1393,0.5
2016_1201_1396,0.5
2016_1201_1400,0.5
2016_1201_1401,0.5
2016_1201_1403,0.5
2016_1201_1409,0.5
2016_1201_1421,0.5
2016_1201_1423,0.5
2016_1201_1425,0.5
2016_1201_1428,0.5
2016_1201_1433,0.5
2016_1201_1435,0.5
2016_1201_1437,0.5
2016_1201_1438,0.5
2016_1201_1451,0.5
2016_1201_1452,0.5
2016_1201_1453,0.5
2016_1201_1455,0.5
2016_1201_1458,0.5
2016_1201_1462,0.5
2016_1201_1463,0.5
2016_1211_1214,0.5
2016_1211_1218,0.5
2016_1211_1221,0.5
2016_1211_1231,0.5
2016_1211_1233,0.5
2016_1211_1234,0.5
2016_1211_1235,0.5
2016_1211_1242,0.5
2016_1211_1246,0.5
2016_1211_1268,0.5
2016_1211_1274,0.5
2016_1211_1276,0.5
2016_1211_1277,0.5
2016_1211_1292,0.5
2016_1211_1314,0.5
2016_1211_1320,0.5
2016_1211_1323,0.5
2016_1211_1328,0.5
2016_1211_1332,0.5
2016_1211_1333,0.5
2016_1211_1338,0.5
2016_1211_1344,0.5
2016_1211_1345,0.5
2016_1211_1355,0.5
2016_1211_1371,0.5
2016_1211_1372,0.5
2016_1211_1380,0.5
2016_1211_1386,0.5
2016_1211_1392,0.5
2016_1211_1393,0.5
2016_1211_1396,0.5
2016_1211_1400,0.5
2016_1211_1401,0.5
2016_1211_1403,0.5
2016_1211_1409,0.5
2016_1211_1421,0.5
2016_1211_1423,0.5
2016_1211_1425,0.5
2016_1211_1428,0.5
2016_1211_1433,0.5
2016_1211_1435,0.5
2016_1211_1437,0.5
2016_1211_1438,0.5
2016_1211_1451,0.5
2016_1211_1452,0.5
2016_1211_1453,0.5
2016_1211_1455,0.5
2016_1211_1458,0.5
2016_1211_1462,0.5
2016_1211_1463,0.5
2016_1214_1218,0.5
2016_1214_1221,0.5
2016_1214_1231,0.5
2016_1214_1233,0.5
2016_1214_1234,0.5
2016_1214_1235,0.5
2016_1214_1242,0.5
2016_1214_1246,0.5
2016_1214_1268,0.5
2016_1214_1274,0.5
2016_1214_1276,0.5
2016_1214_1277,0.5
2016_1214_1292,0.5
2016_1214_1314,0.5
2016_1214_1320,0.5
2016_1214_1323,0.5
2016_1214_1328,0.5
2016_1214_1332,0.5
2016_1214_1333,0.5
2016_1214_1338,0.5
2016_1214_1344,0.5
2016_1214_1345,0.5
2016_1214_1355,0.5
2016_1214_1371,0.5
2016_1214_1372,0.5
2016_1214_1380,0.5
2016_1214_1386,0.5
2016_1214_1392,0.5
2016_1214_1393,0.5
2016_1214_1396,0.5
2016_1214_1400,0.5
2016_1214_1401,0.5
2016_1214_1403,0.5
2016_1214_1409,0.5
2016_1214_1421,0.5
2016_1214_1423,0.5
2016_1214_1425,0.5
2016_1214_1428,0.5
2016_1214_1433,0.5
2016_1214_1435,0.5
2016_1214_1437,0.5
2016_1214_1438,0.5
2016_1214_1451,0.5
2016_1214_1452,0.5
2016_1214_1453,0.5
2016_1214_1455,0.5
2016_1214_1458,0.5
2016_1214_1462,0.5
2016_1214_1463,0.5
2016_1218_1221,0.5
2016_1218_1231,0.5
2016_1218_1233,0.5
2016_1218_1234,0.5
2016_1218_1235,0.5
2016_1218_1242,0.5
2016_1218_1246,0.5
2016_1218_1268,0.5
2016_1218_1274,0.5
2016_1218_1276,0.5
2016_1218_1277,0.5
2016_1218_1292,0.5
2016_1218_1314,0.5
2016_1218_1320,0.5
2016_1218_1323,0.5
2016_1218_1328,0.5
2016_1218_1332,0.5
2016_1218_1333,0.5
2016_1218_1338,0.5
2016_1218_1344,0.5
2016_1218_1345,0.5
2016_1218_1355,0.5
2016_1218_1371,0.5
2016_1218_1372,0.5
2016_1218_1380,0.5
2016_1218_1386,0.5
2016_1218_1392,0.5
2016_1218_1393,0.5
2016_1218_1396,0.5
2016_1218_1400,0.5
2016_1218_1401,0.5
2016_1218_1403,0.5
2016_1218_1409,0.5
2016_1218_1421,0.5
2016_1218_1423,0.5
2016_1218_1425,0.5
2016_1218_1428,0.5
2016_1218_1433,0.5
2016_1218_1435,0.5
2016_1218_1437,0.5
2016_1218_1438,0.5
2016_1218_1451,0.5
2016_1218_1452,0.5
2016_1218_1453,0.5
2016_1218_1455,0.5
2016_1218_1458,0.5
2016_1218_1462,0.5
2016_1218_1463,0.5
2016_1221_1231,0.5
2016_1221_1233,0.5
2016_1221_1234,0.5
2016_1221_1235,0.5
2016_1221_1242,0.5
2016_1221_1246,0.5
2016_1221_1268,0.5
2016_1221_1274,0.5
2016_1221_1276,0.5
2016_1221_1277,0.5
2016_1221_1292,0.5
2016_1221_1314,0.5
2016_1221_1320,0.5
2016_1221_1323,0.5
2016_1221_1328,0.5
2016_1221_1332,0.5
2016_1221_1333,0.5
2016_1221_1338,0.5
2016_1221_1344,0.5
2016_1221_1345,0.5
2016_1221_1355,0.5
2016_1221_1371,0.5
2016_1221_1372,0.5
2016_1221_1380,0.5
2016_1221_1386,0.5
2016_1221_1392,0.5
2016_1221_1393,0.5
2016_1221_1396,0.5
2016_1221_1400,0.5
2016_1221_1401,0.5
2016_1221_1403,0.5
2016_1221_1409,0.5
2016_1221_1421,0.5
2016_1221_1423,0.5
2016_1221_1425,0.5
2016_1221_1428,0.5
2016_1221_1433,0.5
2016_1221_1435,0.5
2016_1221_1437,0.5
2016_1221_1438,0.5
2016_1221_1451,0.5
2016_1221_1452,0.5
2016_1221_1453,0.5
2016_1221_1455,0.5
2016_1221_1458,0.5
2016_1221_1462,0.5
2016_1221_1463,0.5
2016_1231_1233,0.5
2016_1231_1234,0.5
2016_1231_1235,0.5
2016_1231_1242,0.5
2016_1231_1246,0.5
2016_1231_1268,0.5
2016_1231_1274,0.5
2016_1231_1276,0.5
2016_1231_1277,0.5
2016_1231_1292,0.5
2016_1231_1314,0.5
2016_1231_1320,0.5
2016_1231_1323,0.5
2016_1231_1328,0.5
2016_1231_1332,0.5
2016_1231_1333,0.5
2016_1231_1338,0.5
2016_1231_1344,0.5
2016_1231_1345,0.5
2016_1231_1355,0.5
2016_1231_1371,0.5
2016_1231_1372,0.5
2016_1231_1380,0.5
2016_1231_1386,0.5
2016_1231_1392,0.5
2016_1231_1393,0.5
2016_1231_1396,0.5
2016_1231_1400,0.5
2016_1231_1401,0.5
2016_1231_1403,0.5
2016_1231_1409,0.5
2016_1231_1421,0.5
2016_1231_1423,0.5
2016_1231_1425,0.5
2016_1231_1428,0.5
2016_1231_1433,0.5
2016_1231_1435,0.5
2016_1231_1437,0.5
2016_1231_1438,0.5
2016_1231_1451,0.5
2016_1231_1452,0.5
2016_1231_1453,0.5
2016_1231_1455,0.5
2016_1231_1458,0.5
2016_1231_1462,0.5
2016_1231_1463,0.5
2016_1233_1234,0.5
2016_1233_1235,0.5
2016_1233_1242,0.5
2016_1233_1246,0.5
2016_1233_1268,0.5
2016_1233_1274,0.5
2016_1233_1276,0.5
2016_1233_1277,0.5
2016_1233_1292,0.5
2016_1233_1314,0.5
2016_1233_1320,0.5
2016_1233_1323,0.5
2016_1233_1328,0.5
2016_1233_1332,0.5
2016_1233_1333,0.5
2016_1233_1338,0.5
2016_1233_1344,0.5
2016_1233_1345,0.5
2016_1233_1355,0.5
2016_1233_1371,0.5
2016_1233_1372,0.5
2016_1233_1380,0.5
2016_1233_1386,0.5
2016_1233_1392,0.5
2016_1233_1393,0.5
2016_1233_1396,0.5
2016_1233_1400,0.5
2016_1233_1401,0.5
2016_1233_1403,0.5
2016_1233_1409,0.5
2016_1233_1421,0.5
2016_1233_1423,0.5
2016_1233_1425,0.5
2016_1233_1428,0.5
2016_1233_1433,0.5
2016_1233_1435,0.5
2016_1233_1437,0.5
2016_1233_1438,0.5
2016_1233_1451,0.5
2016_1233_1452,0.5
2016_1233_1453,0.5
2016_1233_1455,0.5
2016_1233_1458,0.5
2016_1233_1462,0.5
2016_1233_1463,0.5
2016_1234_1235,0.5
2016_1234_1242,0.5
2016_1234_1246,0.5
2016_1234_1268,0.5
2016_1234_1274,0.5
2016_1234_1276,0.5
2016_1234_1277,0.5
2016_1234_1292,0.5
2016_1234_1314,0.5
2016_1234_1320,0.5
2016_1234_1323,0.5
2016_1234_1328,0.5
2016_1234_1332,0.5
2016_1234_1333,0.5
2016_1234_1338,0.5
2016_1234_1344,0.5
2016_1234_1345,0.5
2016_1234_1355,0.5
2016_1234_1371,0.5
2016_1234_1372,0.5
2016_1234_1380,0.5
2016_1234_1386,0.5
2016_1234_1392,0.5
2016_1234_1393,0.5
2016_1234_1396,0.5
2016_1234_1400,0.5
2016_1234_1401,0.5
2016_1234_1403,0.5
2016_1234_1409,0.5
2016_1234_1421,0.5
2016_1234_1423,0.5
2016_1234_1425,0.5
2016_1234_1428,0.5
2016_1234_1433,0.5
2016_1234_1435,0.5
2016_1234_1437,0.5
2016_1234_1438,0.5
2016_1234_1451,0.5
2016_1234_1452,0.5
2016_1234_1453,0.5
2016_1234_1455,0.5
2016_1234_1458,0.5
2016_1234_1462,0.5
2016_1234_1463,0.5
2016_1235_1242,0.5
2016_1235_1246,0.5
2016_1235_1268,0.5
2016_1235_1274,0.5
2016_1235_1276,0.5
2016_1235_1277,0.5
2016_1235_1292,0.5
2016_1235_1314,0.5
2016_1235_1320,0.5
2016_1235_1323,0.5
2016_1235_1328,0.5
2016_1235_1332,0.5
2016_1235_1333,0.5
2016_1235_1338,0.5
2016_1235_1344,0.5
2016_1235_1345,0.5
2016_1235_1355,0.5
2016_1235_1371,0.5
2016_1235_1372,0.5
2016_1235_1380,0.5
2016_1235_1386,0.5
2016_1235_1392,0.5
2016_1235_1393,0.5
2016_1235_1396,0.5
2016_1235_1400,0.5
2016_1235_1401,0.5
2016_1235_1403,0.5
2016_1235_1409,0.5
2016_1235_1421,0.5
2016_1235_1423,0.5
2016_1235_1425,0.5
2016_1235_1428,0.5
2016_1235_1433,0.5
2016_1235_1435,0.5
2016_1235_1437,0.5
2016_1235_1438,0.5
2016_1235_1451,0.5
2016_1235_1452,0.5
2016_1235_1453,0.5
2016_1235_1455,0.5
2016_1235_1458,0.5
2016_1235_1462,0.5
2016_1235_1463,0.5
2016_1242_1246,0.5
2016_1242_1268,0.5
2016_1242_1274,0.5
2016_1242_1276,0.5
2016_1242_1277,0.5
2016_1242_1292,0.5
2016_1242_1314,0.5
2016_1242_1320,0.5
2016_1242_1323,0.5
2016_1242_1328,0.5
2016_1242_1332,0.5
2016_1242_1333,0.5
2016_1242_1338,0.5
2016_1242_1344,0.5
2016_1242_1345,0.5
2016_1242_1355,0.5
2016_1242_1371,0.5
2016_1242_1372,0.5
2016_1242_1380,0.5
2016_1242_1386,0.5
2016_1242_1392,0.5
2016_1242_1393,0.5
2016_1242_1396,0.5
2016_1242_1400,0.5
2016_1242_1401,0.5
2016_1242_1403,0.5
2016_1242_1409,0.5
2016_1242_1421,0.5
2016_1242_1423,0.5
2016_1242_1425,0.5
2016_1242_1428,0.5
2016_1242_1433,0.5
2016_1242_1435,0.5
2016_1242_1437,0.5
2016_1242_1438,0.5
2016_1242_1451,0.5
2016_1242_1452,0.5
2016_1242_1453,0.5
2016_1242_1455,0.5
2016_1242_1458,0.5
2016_1242_1462,0.5
2016_1242_1463,0.5
2016_1246_1268,0.5
2016_1246_1274,0.5
2016_1246_1276,0.5
2016_1246_1277,0.5
2016_1246_1292,0.5
2016_1246_1314,0.5
2016_1246_1320,0.5
2016_1246_1323,0.5
2016_1246_1328,0.5
2016_1246_1332,0.5
2016_1246_1333,0.5
2016_1246_1338,0.5
2016_1246_1344,0.5
2016_1246_1345,0.5
2016_1246_1355,0.5
2016_1246_1371,0.5
2016_1246_1372,0.5
2016_1246_1380,0.5
2016_1246_1386,0.5
2016_1246_1392,0.5
2016_1246_1393,0.5
2016_1246_1396,0.5
2016_1246_1400,0.5
2016_1246_1401,0.5
2016_1246_1403,0.5
2016_1246_1409,0.5
2016_1246_1421,0.5
2016_1246_1423,0.5
2016_1246_1425,0.5
2016_1246_1428,0.5
2016_1246_1433,0.5
2016_1246_1435,0.5
2016_1246_1437,0.5
2016_1246_1438,0.5
2016_1246_1451,0.5
2016_1246_1452,0.5
2016_1246_1453,0.5
2016_1246_1455,0.5
2016_1246_1458,0.5
2016_1246_1462,0.5
2016_1246_1463,0.5
2016_1268_1274,0.5
2016_1268_1276,0.5
2016_1268_1277,0.5
2016_1268_1292,0.5
2016_1268_1314,0.5
2016_1268_1320,0.5
2016_1268_1323,0.5
2016_1268_1328,0.5
2016_1268_1332,0.5
2016_1268_1333,0.5
2016_1268_1338,0.5
2016_1268_1344,0.5
2016_1268_1345,0.5
2016_1268_1355,0.5
2016_1268_1371,0.5
2016_1268_1372,0.5
2016_1268_1380,0.5
2016_1268_1386,0.5
2016_1268_1392,0.5
2016_1268_1393,0.5
2016_1268_1396,0.5
2016_1268_1400,0.5
2016_1268_1401,0.5
2016_1268_1403,0.5
2016_1268_1409,0.5
2016_1268_1421,0.5
2016_1268_1423,0.5
2016_1268_1425,0.5
2016_1268_1428,0.5
2016_1268_1433,0.5
2016_1268_1435,0.5
2016_1268_1437,0.5
2016_1268_1438,0.5
2016_1268_1451,0.5
2016_1268_1452,0.5
2016_1268_1453,0.5
2016_1268_1455,0.5
2016_1268_1458,0.5
2016_1268_1462,0.5
2016_1268_1463,0.5
2016_1274_1276,0.5
2016_1274_1277,0.5
2016_1274_1292,0.5
2016_1274_1314,0.5
2016_1274_1320,0.5
2016_1274_1323,0.5
2016_1274_1328,0.5
2016_1274_1332,0.5
2016_1274_1333,0.5
2016_1274_1338,0.5
2016_1274_1344,0.5
2016_1274_1345,0.5
2016_1274_1355,0.5
2016_1274_1371,0.5
2016_1274_1372,0.5
2016_1274_1380,0.5
2016_1274_1386,0.5
2016_1274_1392,0.5
2016_1274_1393,0.5
2016_1274_1396,0.5
2016_1274_1400,0.5
2016_1274_1401,0.5
2016_1274_1403,0.5
2016_1274_1409,0.5
2016_1274_1421,0.5
2016_1274_1423,0.5
2016_1274_1425,0.5
2016_1274_1428,0.5
2016_1274_1433,0.5
2016_1274_1435,0.5
2016_1274_1437,0.5
2016_1274_1438,0.5
2016_1274_1451,0.5
2016_1274_1452,0.5
2016_1274_1453,0.5
2016_1274_1455,0.5
2016_1274_1458,0.5
2016_1274_1462,0.5
2016_1274_1463,0.5
2016_1276_1277,0.5
2016_1276_1292,0.5
2016_1276_1314,0.5
2016_1276_1320,0.5
2016_1276_1323,0.5
2016_1276_1328,0.5
2016_1276_1332,0.5
2016_1276_1333,0.5
2016_1276_1338,0.5
2016_1276_1344,0.5
2016_1276_1345,0.5
2016_1276_1355,0.5
2016_1276_1371,0.5
2016_1276_1372,0.5
2016_1276_1380,0.5
2016_1276_1386,0.5
2016_1276_1392,0.5
2016_1276_1393,0.5
2016_1276_1396,0.5
2016_1276_1400,0.5
2016_1276_1401,0.5
2016_1276_1403,0.5
2016_1276_1409,0.5
2016_1276_1421,0.5
2016_1276_1423,0.5
2016_1276_1425,0.5
2016_1276_1428,0.5
2016_1276_1433,0.5
2016_1276_1435,0.5
2016_1276_1437,0.5
2016_1276_1438,0.5
2016_1276_1451,0.5
2016_1276_1452,0.5
2016_1276_1453,0.5
2016_1276_1455,0.5
2016_1276_1458,0.5
2016_1276_1462,0.5
2016_1276_1463,0.5
2016_1277_1292,0.5
2016_1277_1314,0.5
2016_1277_1320,0.5
2016_1277_1323,0.5
2016_1277_1328,0.5
2016_1277_1332,0.5
2016_1277_1333,0.5
2016_1277_1338,0.5
2016_1277_1344,0.5
2016_1277_1345,0.5
2016_1277_1355,0.5
2016_1277_1371,0.5
2016_1277_1372,0.5
2016_1277_1380,0.5
2016_1277_1386,0.5
2016_1277_1392,0.5
2016_1277_1393,0.5
2016_1277_1396,0.5
2016_1277_1400,0.5
2016_1277_1401,0.5
2016_1277_1403,0.5
2016_1277_1409,0.5
2016_1277_1421,0.5
2016_1277_1423,0.5
2016_1277_1425,0.5
2016_1277_1428,0.5
2016_1277_1433,0.5
2016_1277_1435,0.5
2016_1277_1437,0.5
2016_1277_1438,0.5
2016_1277_1451,0.5
2016_1277_1452,0.5
2016_1277_1453,0.5
2016_1277_1455,0.5
2016_1277_1458,0.5
2016_1277_1462,0.5
2016_1277_1463,0.5
2016_1292_1314,0.5
2016_1292_1320,0.5
2016_1292_1323,0.5
2016_1292_1328,0.5
2016_1292_1332,0.5
2016_1292_1333,0.5
2016_1292_1338,0.5
2016_1292_1344,0.5
2016_1292_1345,0.5
2016_1292_1355,0.5
2016_1292_1371,0.5
2016_1292_1372,0.5
2016_1292_1380,0.5
2016_1292_1386,0.5
2016_1292_1392,0.5
2016_1292_1393,0.5
2016_1292_1396,0.5
2016_1292_1400,0.5
2016_1292_1401,0.5
2016_1292_1403,0.5
2016_1292_1409,0.5
2016_1292_1421,0.5
2016_1292_1423,0.5
2016_1292_1425,0.5
2016_1292_1428,0.5
2016_1292_1433,0.5
2016_1292_1435,0.5
2016_1292_1437,0.5
2016_1292_1438,0.5
2016_1292_1451,0.5
2016_1292_1452,0.5
2016_1292_1453,0.5
2016_1292_1455,0.5
2016_1292_1458,0.5
2016_1292_1462,0.5
2016_1292_1463,0.5
2016_1314_1320,0.5
2016_1314_1323,0.5
2016_1314_1328,0.5
2016_1314_1332,0.5
2016_1314_1333,0.5
2016_1314_1338,0.5
2016_1314_1344,0.5
2016_1314_1345,0.5
2016_1314_1355,0.5
2016_1314_1371,0.5
2016_1314_1372,0.5
2016_1314_1380,0.5
2016_1314_1386,0.5
2016_1314_1392,0.5
2016_1314_1393,0.5
2016_1314_1396,0.5
2016_1314_1400,0.5
2016_1314_1401,0.5
2016_1314_1403,0.5
2016_1314_1409,0.5
2016_1314_1421,0.5
2016_1314_1423,0.5
2016_1314_1425,0.5
2016_1314_1428,0.5
2016_1314_1433,0.5
2016_1314_1435,0.5
2016_1314_1437,0.5
2016_1314_1438,0.5
2016_1314_1451,0.5
2016_1314_1452,0.5
2016_1314_1453,0.5
2016_1314_1455,0.5
2016_1314_1458,0.5
2016_1314_1462,0.5
2016_1314_1463,0.5
2016_1320_1323,0.5
2016_1320_1328,0.5
2016_1320_1332,0.5
2016_1320_1333,0.5
2016_1320_1338,0.5
2016_1320_1344,0.5
2016_1320_1345,0.5
2016_1320_1355,0.5
2016_1320_1371,0.5
2016_1320_1372,0.5
2016_1320_1380,0.5
2016_1320_1386,0.5
2016_1320_1392,0.5
2016_1320_1393,0.5
2016_1320_1396,0.5
2016_1320_1400,0.5
2016_1320_1401,0.5
2016_1320_1403,0.5
2016_1320_1409,0.5
2016_1320_1421,0.5
2016_1320_1423,0.5
2016_1320_1425,0.5
2016_1320_1428,0.5
2016_1320_1433,0.5
2016_1320_1435,0.5
2016_1320_1437,0.5
2016_1320_1438,0.5
2016_1320_1451,0.5
2016_1320_1452,0.5
2016_1320_1453,0.5
2016_1320_1455,0.5
2016_1320_1458,0.5
2016_1320_1462,0.5
2016_1320_1463,0.5
2016_1323_1328,0.5
2016_1323_1332,0.5
2016_1323_1333,0.5
2016_1323_1338,0.5
2016_1323_1344,0.5
2016_1323_1345,0.5
2016_1323_1355,0.5
2016_1323_1371,0.5
2016_1323_1372,0.5
2016_1323_1380,0.5
2016_1323_1386,0.5
2016_1323_1392,0.5
2016_1323_1393,0.5
2016_1323_1396,0.5
2016_1323_1400,0.5
2016_1323_1401,0.5
2016_1323_1403,0.5
2016_1323_1409,0.5
2016_1323_1421,0.5
2016_1323_1423,0.5
2016_1323_1425,0.5
2016_1323_1428,0.5
2016_1323_1433,0.5
2016_1323_1435,0.5
2016_1323_1437,0.5
2016_1323_1438,0.5
2016_1323_1451,0.5
2016_1323_1452,0.5
2016_1323_1453,0.5
2016_1323_1455,0.5
2016_1323_1458,0.5
2016_1323_1462,0.5
2016_1323_1463,0.5
2016_1328_1332,0.5
2016_1328_1333,0.5
2016_1328_1338,0.5
2016_1328_1344,0.5
2016_1328_1345,0.5
2016_1328_1355,0.5
2016_1328_1371,0.5
2016_1328_1372,0.5
2016_1328_1380,0.5
2016_1328_1386,0.5
2016_1328_1392,0.5
2016_1328_1393,0.5
2016_1328_1396,0.5
2016_1328_1400,0.5
2016_1328_1401,0.5
2016_1328_1403,0.5
2016_1328_1409,0.5
2016_1328_1421,0.5
2016_1328_1423,0.5
2016_1328_1425,0.5
2016_1328_1428,0.5
2016_1328_1433,0.5
2016_1328_1435,0.5
2016_1328_1437,0.5
2016_1328_1438,0.5
2016_1328_1451,0.5
2016_1328_1452,0.5
2016_1328_1453,0.5
2016_1328_1455,0.5
2016_1328_1458,0.5
2016_1328_1462,0.5
2016_1328_1463,0.5
2016_1332_1333,0.5
2016_1332_1338,0.5
2016_1332_1344,0.5
2016_1332_1345,0.5
2016_1332_1355,0.5
2016_1332_1371,0.5
2016_1332_1372,0.5
2016_1332_1380,0.5
2016_1332_1386,0.5
2016_1332_1392,0.5
2016_1332_1393,0.5
2016_1332_1396,0.5
2016_1332_1400,0.5
2016_1332_1401,0.5
2016_1332_1403,0.5
2016_1332_1409,0.5
2016_1332_1421,0.5
2016_1332_1423,0.5
2016_1332_1425,0.5
2016_1332_1428,0.5
2016_1332_1433,0.5
2016_1332_1435,0.5
2016_1332_1437,0.5
2016_1332_1438,0.5
2016_1332_1451,0.5
2016_1332_1452,0.5
2016_1332_1453,0.5
2016_1332_1455,0.5
2016_1332_1458,0.5
2016_1332_1462,0.5
2016_1332_1463,0.5
2016_1333_1338,0.5
2016_1333_1344,0.5
2016_1333_1345,0.5
2016_1333_1355,0.5
2016_1333_1371,0.5
2016_1333_1372,0.5
2016_1333_1380,0.5
2016_1333_1386,0.5
2016_1333_1392,0.5
2016_1333_1393,0.5
2016_1333_1396,0.5
2016_1333_1400,0.5
2016_1333_1401,0.5
2016_1333_1403,0.5
2016_1333_1409,0.5
2016_1333_1421,0.5
2016_1333_1423,0.5
2016_1333_1425,0.5
2016_1333_1428,0.5
2016_1333_1433,0.5
2016_1333_1435,0.5
2016_1333_1437,0.5
2016_1333_1438,0.5
2016_1333_1451,0.5
2016_1333_1452,0.5
2016_1333_1453,0.5
2016_1333_1455,0.5
2016_1333_1458,0.5
2016_1333_1462,0.5
2016_1333_1463,0.5
2016_1338_1344,0.5
2016_1338_1345,0.5
2016_1338_1355,0.5
2016_1338_1371,0.5
2016_1338_1372,0.5
2016_1338_1380,0.5
2016_1338_1386,0.5
2016_1338_1392,0.5
2016_1338_1393,0.5
2016_1338_1396,0.5
2016_1338_1400,0.5
2016_1338_1401,0.5
2016_1338_1403,0.5
2016_1338_1409,0.5
2016_1338_1421,0.5
2016_1338_1423,0.5
2016_1338_1425,0.5
2016_1338_1428,0.5
2016_1338_1433,0.5
2016_1338_1435,0.5
2016_1338_1437,0.5
2016_1338_1438,0.5
2016_1338_1451,0.5
2016_1338_1452,0.5
2016_1338_1453,0.5
2016_1338_1455,0.5
2016_1338_1458,0.5
2016_1338_1462,0.5
2016_1338_1463,0.5
2016_1344_1345,0.5
2016_1344_1355,0.5
2016_1344_1371,0.5
2016_1344_1372,0.5
2016_1344_1380,0.5
2016_1344_1386,0.5
2016_1344_1392,0.5
2016_1344_1393,0.5
2016_1344_1396,0.5
2016_1344_1400,0.5
2016_1344_1401,0.5
2016_1344_1403,0.5
2016_1344_1409,0.5
2016_1344_1421,0.5
2016_1344_1423,0.5
2016_1344_1425,0.5
2016_1344_1428,0.5
2016_1344_1433,0.5
2016_1344_1435,0.5
2016_1344_1437,0.5
2016_1344_1438,0.5
2016_1344_1451,0.5
2016_1344_1452,0.5
2016_1344_1453,0.5
2016_1344_1455,0.5
2016_1344_1458,0.5
2016_1344_1462,0.5
2016_1344_1463,0.5
2016_1345_1355,0.5
2016_1345_1371,0.5
2016_1345_1372,0.5
2016_1345_1380,0.5
2016_1345_1386,0.5
2016_1345_1392,0.5
2016_1345_1393,0.5
2016_1345_1396,0.5
2016_1345_1400,0.5
2016_1345_1401,0.5
2016_1345_1403,0.5
2016_1345_1409,0.5
2016_1345_1421,0.5
2016_1345_1423,0.5
2016_1345_1425,0.5
2016_1345_1428,0.5
2016_1345_1433,0.5
2016_1345_1435,0.5
2016_1345_1437,0.5
2016_1345_1438,0.5
2016_1345_1451,0.5
2016_1345_1452,0.5
2016_1345_1453,0.5
2016_1345_1455,0.5
2016_1345_1458,0.5
2016_1345_1462,0.5
2016_1345_1463,0.5
2016_1355_1371,0.5
2016_1355_1372,0.5
2016_1355_1380,0.5
2016_1355_1386,0.5
2016_1355_1392,0.5
2016_1355_1393,0.5
2016_1355_1396,0.5
2016_1355_1400,0.5
2016_1355_1401,0.5
2016_1355_1403,0.5
2016_1355_1409,0.5
2016_1355_1421,0.5
2016_1355_1423,0.5
2016_1355_1425,0.5
2016_1355_1428,0.5
2016_1355_1433,0.5
2016_1355_1435,0.5
2016_1355_1437,0.5
2016_1355_1438,0.5
2016_1355_1451,0.5
2016_1355_1452,0.5
2016_1355_1453,0.5
2016_1355_1455,0.5
2016_1355_1458,0.5
2016_1355_1462,0.5
2016_1355_1463,0.5
2016_1371_1372,0.5
2016_1371_1380,0.5
2016_1371_1386,0.5
2016_1371_1392,0.5
2016_1371_1393,0.5
2016_1371_1396,0.5
2016_1371_1400,0.5
2016_1371_1401,0.5
2016_1371_1403,0.5
2016_1371_1409,0.5
2016_1371_1421,0.5
2016_1371_1423,0.5
2016_1371_1425,0.5
2016_1371_1428,0.5
2016_1371_1433,0.5
2016_1371_1435,0.5
2016_1371_1437,0.5
2016_1371_1438,0.5
2016_1371_1451,0.5
2016_1371_1452,0.5
2016_1371_1453,0.5
2016_1371_1455,0.5
2016_1371_1458,0.5
2016_1371_1462,0.5
2016_1371_1463,0.5
2016_1372_1380,0.5
2016_1372_1386,0.5
2016_1372_1392,0.5
2016_1372_1393,0.5
2016_1372_1396,0.5
2016_1372_1400,0.5
2016_1372_1401,0.5
2016_1372_1403,0.5
2016_1372_1409,0.5
2016_1372_1421,0.5
2016_1372_1423,0.5
2016_1372_1425,0.5
2016_1372_1428,0.5
2016_1372_1433,0.5
2016_1372_1435,0.5
2016_1372_1437,0.5
2016_1372_1438,0.5
2016_1372_1451,0.5
2016_1372_1452,0.5
2016_1372_1453,0.5
2016_1372_1455,0.5
2016_1372_1458,0.5
2016_1372_1462,0.5
2016_1372_1463,0.5
2016_1380_1386,0.5
2016_1380_1392,0.5
2016_1380_1393,0.5
2016_1380_1396,0.5
2016_1380_1400,0.5
2016_1380_1401,0.5
2016_1380_1403,0.5
2016_1380_1409,0.5
2016_1380_1421,0.5
2016_1380_1423,0.5
2016_1380_1425,0.5
2016_1380_1428,0.5
2016_1380_1433,0.5
2016_1380_1435,0.5
2016_1380_1437,0.5
2016_1380_1438,0.5
2016_1380_1451,0.5
2016_1380_1452,0.5
2016_1380_1453,0.5
2016_1380_1455,0.5
2016_1380_1458,0.5
2016_1380_1462,0.5
2016_1380_1463,0.5
2016_1386_1392,0.5
2016_1386_1393,0.5
2016_1386_1396,0.5
2016_1386_1400,0.5
2016_1386_1401,0.5
2016_1386_1403,0.5
2016_1386_1409,0.5
2016_1386_1421,0.5
2016_1386_1423,0.5
2016_1386_1425,0.5
2016_1386_1428,0.5
2016_1386_1433,0.5
2016_1386_1435,0.5
2016_1386_1437,0.5
2016_1386_1438,0.5
2016_1386_1451,0.5
2016_1386_1452,0.5
2016_1386_1453,0.5
2016_1386_1455,0.5
2016_1386_1458,0.5
2016_1386_1462,0.5
2016_1386_1463,0.5
2016_1392_1393,0.5
2016_1392_1396,0.5
2016_1392_1400,0.5
2016_1392_1401,0.5
2016_1392_1403,0.5
2016_1392_1409,0.5
2016_1392_1421,0.5
2016_1392_1423,0.5
2016_1392_1425,0.5
2016_1392_1428,0.5
2016_1392_1433,0.5
2016_1392_1435,0.5
2016_1392_1437,0.5
2016_1392_1438,0.5
2016_1392_1451,0.5
2016_1392_1452,0.5
2016_1392_1453,0.5
2016_1392_1455,0.5
2016_1392_1458,0.5
2016_1392_1462,0.5
2016_1392_1463,0.5
2016_1393_1396,0.5
2016_1393_1400,0.5
2016_1393_1401,0.5
2016_1393_1403,0.5
2016_1393_1409,0.5
2016_1393_1421,0.5
2016_1393_1423,0.5
2016_1393_1425,0.5
2016_1393_1428,0.5
2016_1393_1433,0.5
2016_1393_1435,0.5
2016_1393_1437,0.5
2016_1393_1438,0.5
2016_1393_1451,0.5
2016_1393_1452,0.5
2016_1393_1453,0.5
2016_1393_1455,0.5
2016_1393_1458,0.5
2016_1393_1462,0.5
2016_1393_1463,0.5
2016_1396_1400,0.5
2016_1396_1401,0.5
2016_1396_1403,0.5
2016_1396_1409,0.5
2016_1396_1421,0.5
2016_1396_1423,0.5
2016_1396_1425,0.5
2016_1396_1428,0.5
2016_1396_1433,0.5
2016_1396_1435,0.5
2016_1396_1437,0.5
2016_1396_1438,0.5
2016_1396_1451,0.5
2016_1396_1452,0.5
2016_1396_1453,0.5
2016_1396_1455,0.5
2016_1396_1458,0.5
2016_1396_1462,0.5
2016_1396_1463,0.5
2016_1400_1401,0.5
2016_1400_1403,0.5
2016_1400_1409,0.5
2016_1400_1421,0.5
2016_1400_1423,0.5
2016_1400_1425,0.5
2016_1400_1428,0.5
2016_1400_1433,0.5
2016_1400_1435,0.5
2016_1400_1437,0.5
2016_1400_1438,0.5
2016_1400_1451,0.5
2016_1400_1452,0.5
2016_1400_1453,0.5
2016_1400_1455,0.5
2016_1400_1458,0.5
2016_1400_1462,0.5
2016_1400_1463,0.5
2016_1401_1403,0.5
2016_1401_1409,0.5
2016_1401_1421,0.5
2016_1401_1423,0.5
2016_1401_1425,0.5
2016_1401_1428,0.5
2016_1401_1433,0.5
2016_1401_1435,0.5
2016_1401_1437,0.5
2016_1401_1438,0.5
2016_1401_1451,0.5
2016_1401_1452,0.5
2016_1401_1453,0.5
2016_1401_1455,0.5
2016_1401_1458,0.5
2016_1401_1462,0.5
2016_1401_1463,0.5
2016_1403_1409,0.5
2016_1403_1421,0.5
2016_1403_1423,0.5
2016_1403_1425,0.5
2016_1403_1428,0.5
2016_1403_1433,0.5
2016_1403_1435,0.5
2016_1403_1437,0.5
2016_1403_1438,0.5
2016_1403_1451,0.5
2016_1403_1452,0.5
2016_1403_1453,0.5
2016_1403_1455,0.5
2016_1403_1458,0.5
2016_1403_1462,0.5
2016_1403_1463,0.5
2016_1409_1421,0.5
2016_1409_1423,0.5
2016_1409_1425,0.5
2016_1409_1428,0.5
2016_1409_1433,0.5
2016_1409_1435,0.5
2016_1409_1437,0.5
2016_1409_1438,0.5
2016_1409_1451,0.5
2016_1409_1452,0.5
2016_1409_1453,0.5
2016_1409_1455,0.5
2016_1409_1458,0.5
2016_1409_1462,0.5
2016_1409_1463,0.5
2016_1421_1423,0.5
2016_1421_1425,0.5
2016_1421_1428,0.5
2016_1421_1433,0.5
2016_1421_1435,0.5
2016_1421_1437,0.5
2016_1421_1438,0.5
2016_1421_1451,0.5
2016_1421_1452,0.5
2016_1421_1453,0.5
2016_1421_1455,0.5
2016_1421_1458,0.5
2016_1421_1462,0.5
2016_1421_1463,0.5
2016_1423_1425,0.5
2016_1423_1428,0.5
2016_1423_1433,0.5
2016_1423_1435,0.5
2016_1423_1437,0.5
2016_1423_1438,0.5
2016_1423_1451,0.5
2016_1423_1452,0.5
2016_1423_1453,0.5
2016_1423_1455,0.5
2016_1423_1458,0.5
2016_1423_1462,0.5
2016_1423_1463,0.5
2016_1425_1428,0.5
2016_1425_1433,0.5
2016_1425_1435,0.5
2016_1425_1437,0.5
2016_1425_1438,0.5
2016_1425_1451,0.5
2016_1425_1452,0.5
2016_1425_1453,0.5
2016_1425_1455,0.5
2016_1425_1458,0.5
2016_1425_1462,0.5
2016_1425_1463,0.5
2016_1428_1433,0.5
2016_1428_1435,0.5
2016_1428_1437,0.5
2016_1428_1438,0.5
2016_1428_1451,0.5
2016_1428_1452,0.5
2016_1428_1453,0.5
2016_1428_1455,0.5
2016_1428_1458,0.5
2016_1428_1462,0.5
2016_1428_1463,0.5
2016_1433_1435,0.5
2016_1433_1437,0.5
2016_1433_1438,0.5
2016_1433_1451,0.5
2016_1433_1452,0.5
2016_1433_1453,0.5
2016_1433_1455,0.5
2016_1433_1458,0.5
2016_1433_1462,0.5
2016_1433_1463,0.5
2016_1435_1437,0.5
2016_1435_1438,0.5
2016_1435_1451,0.5
2016_1435_1452,0.5
2016_1435_1453,0.5
2016_1435_1455,0.5
2016_1435_1458,0.5
2016_1435_1462,0.5
2016_1435_1463,0.5
2016_1437_1438,0.5
2016_1437_1451,0.5
2016_1437_1452,0.5
2016_1437_1453,0.5
2016_1437_1455,0.5
2016_1437_1458,0.5
2016_1437_1462,0.5
2016_1437_1463,0.5
2016_1438_1451,0.5
2016_1438_1452,0.5
2016_1438_1453,0.5
2016_1438_1455,0.5
2016_1438_1458,0.5
2016_1438_1462,0.5
2016_1438_1463,0.5
2016_1451_1452,0.5
2016_1451_1453,0.5
2016_1451_1455,0.5
2016_1451_1458,0.5
2016_1451_1462,0.5
2016_1451_1463,0.5
2016_1452_1453,0.5
2016_1452_1455,0.5
2016_1452_1458,0.5
2016_1452_1462,0.5
2016_1452_1463,0.5
2016_1453_1455,0.5
2016_1453_1458,0.5
2016_1453_1462,0.5
2016_1453_1463,0.5
2016_1455_1458,0.5
2016_1455_1462,0.5
2016_1455_1463,0.5
2016_1458_1462,0.5
2016_1458_1463,0.5
2016_1462_1463,0.5
