id,pred
2016_1112_1114,0.872081803564
2016_1112_1122,0.969543314836
2016_1112_1124,0.449974270522
2016_1112_1138,0.87788086601
2016_1112_1139,0.517111880118
2016_1112_1143,0.6311304356
2016_1112_1151,0.865405356149
2016_1112_1153,0.553297976189
2016_1112_1160,0.676738495489
2016_1112_1163,0.578682671962
2016_1112_1167,0.932315697437
2016_1112_1173,0.656273816187
2016_1112_1181,0.406716190229
2016_1112_1192,0.971672955319
2016_1112_1195,0.946122388101
2016_1112_1201,0.735759092481
2016_1112_1211,0.549137802445
2016_1112_1214,0.961248398992
2016_1112_1218,0.775078442637
2016_1112_1221,0.968395898133
2016_1112_1231,0.466497200647
2016_1112_1233,0.82864093537
2016_1112_1234,0.586108595183
2016_1112_1235,0.55003833303
2016_1112_1242,0.32239112866
2016_1112_1246,0.381402627178
2016_1112_1268,0.493271794789
2016_1112_1274,0.490386997359
2016_1112_1276,0.668476044725
2016_1112_1277,0.317052340942
2016_1112_1292,0.872464721192
2016_1112_1314,0.330261810083
2016_1112_1320,0.75778089479
2016_1112_1323,0.550418499487
2016_1112_1328,0.471720342012
2016_1112_1332,0.420589334899
2016_1112_1333,0.762672317473
2016_1112_1338,0.577900423957
2016_1112_1344,0.585332157884
2016_1112_1345,0.451471639578
2016_1112_1355,0.826945351903
2016_1112_1371,0.577509763204
2016_1112_1372,0.716979394054
2016_1112_1380,0.977794319938
2016_1112_1386,0.709872077802
2016_1112_1392,0.863275586814
2016_1112_1393,0.652085698783
2016_1112_1396,0.729092276393
2016_1112_1400,0.613471745233
2016_1112_1401,0.527818809239
2016_1112_1403,0.739434707344
2016_1112_1409,0.754915483898
2016_1112_1421,0.951335817893
2016_1112_1423,0.814889506772
2016_1112_1425,0.755255126065
2016_1112_1428,0.536831718105
2016_1112_1433,0.656238726241
2016_1112_1435,0.688049276553
2016_1112_1437,0.323564836532
2016_1112_1438,0.356245166963
2016_1112_1451,0.913418114783
2016_1112_1452,0.350438393184
2016_1112_1453,0.841215456858
2016_1112_1455,0.602213015278
2016_1112_1458,0.575335123838
2016_1112_1462,0.431563856359
2016_1112_1463,0.847151450834
2016_1114_1122,0.827178235503
2016_1114_1124,0.109531563648
2016_1114_1138,0.519428606975
2016_1114_1139,0.138681313283
2016_1114_1143,0.204615866173
2016_1114_1151,0.491543344038
2016_1114_1153,0.156995479257
2016_1114_1160,0.239406351345
2016_1114_1163,0.171165116371
2016_1114_1167,0.674378740985
2016_1114_1173,0.223041774412
2016_1114_1181,0.0934417103275
2016_1114_1192,0.83759507797
2016_1114_1195,0.725298185763
2016_1114_1201,0.295104774597
2016_1114_1211,0.154782567194
2016_1114_1214,0.788565554394
2016_1114_1218,0.341290699327
2016_1114_1221,0.821653989682
2016_1114_1231,0.116194393486
2016_1114_1233,0.420984200513
2016_1114_1234,0.175540420006
2016_1114_1235,0.155259093828
2016_1114_1242,0.066759583711
2016_1114_1246,0.0848378655067
2016_1114_1268,0.127674933108
2016_1114_1274,0.126394935019
2016_1114_1276,0.232640732956
2016_1114_1277,0.0652464305082
2016_1114_1292,0.507041772551
2016_1114_1314,0.0690251447033
2016_1114_1320,0.319904945811
2016_1114_1323,0.155460674705
2016_1114_1328,0.118365557199
2016_1114_1332,0.0984013599485
2016_1114_1333,0.325771340873
2016_1114_1338,0.17071053621
2016_1114_1344,0.17507780676
2016_1114_1345,0.110122868469
2016_1114_1355,0.418087571001
2016_1114_1371,0.170483959531
2016_1114_1372,0.275831715347
2016_1114_1380,0.86877730476
2016_1114_1386,0.268941932839
2016_1114_1392,0.487004531233
2016_1114_1393,0.219850047045
2016_1114_1396,0.288077769957
2016_1114_1400,0.19265796407
2016_1114_1401,0.143887509214
2016_1114_1403,0.299070552024
2016_1114_1409,0.316531553855
2016_1114_1421,0.74614630409
2016_1114_1423,0.398274325948
2016_1114_1425,0.316929013018
2016_1114_1428,0.148405002364
2016_1114_1433,0.223014819394
2016_1114_1435,0.24903884777
2016_1114_1437,0.0670947820833
2016_1114_1438,0.0768129205418
2016_1114_1451,0.613332694606
2016_1114_1452,0.075030018448
2016_1114_1453,0.443378755399
2016_1114_1455,0.185417501553
2016_1114_1458,0.16922808312
2016_1114_1462,0.102455537125
2016_1114_1463,0.454543779518
2016_1122_1124,0.0249420238106
2016_1122_1138,0.183523654593
2016_1122_1139,0.032398947409
2016_1122_1143,0.0507818933957
2016_1122_1151,0.167390156853
2016_1122_1153,0.0372851096855
2016_1122_1160,0.0614365877051
2016_1122_1163,0.0411780429235
2016_1122_1167,0.301039869206
2016_1122_1173,0.0563360507841
2016_1122_1181,0.0209852796032
2016_1122_1192,0.517501371485
2016_1122_1195,0.35445551149
2016_1122_1201,0.0800898653285
2016_1122_1211,0.0366861304023
2016_1122_1214,0.436812784974
2016_1122_1218,0.0972680003723
2016_1122_1221,0.489298103931
2016_1122_1231,0.0266130370732
2016_1122_1233,0.131342282106
2016_1122_1234,0.0424006112245
2016_1122_1235,0.0368149118387
2016_1122_1242,0.0146584273976
2016_1122_1246,0.0189138238377
2016_1122_1268,0.0295383450479
2016_1122_1274,0.0292092659329
2016_1122_1276,0.0593082157628
2016_1122_1277,0.014308078523
2016_1122_1292,0.176210026036
2016_1122_1314,0.0151846462202
2016_1122_1320,0.0891046400781
2016_1122_1323,0.0368694224863
2016_1122_1328,0.0271617610307
2016_1122_1332,0.0221932735276
2016_1122_1333,0.0913068601303
2016_1122_1338,0.0410515838434
2016_1122_1344,0.0422708805271
2016_1122_1345,0.0250895395993
2016_1122_1355,0.129991150202
2016_1122_1371,0.0409885920775
2016_1122_1372,0.0733970916065
2016_1122_1380,0.579271374459
2016_1122_1386,0.0710675395015
2016_1122_1392,0.164873935303
2016_1122_1393,0.0553599059432
2016_1122_1396,0.0776189983661
2016_1122_1400,0.0472797622783
2016_1122_1401,0.0337716687884
2016_1122_1403,0.0815002396907
2016_1122_1409,0.0878506512885
2016_1122_1421,0.379364998272
2016_1122_1423,0.120992106234
2016_1122_1425,0.0879979335599
2016_1122_1428,0.0349731948749
2016_1122_1433,0.0563277818744
2016_1122_1435,0.0645158680429
2016_1122_1437,0.0147361577586
2016_1122_1438,0.0170088388206
2016_1122_1451,0.248045228077
2016_1122_1452,0.0165891037477
2016_1122_1453,0.1421107188
2016_1122_1455,0.0451970306447
2016_1122_1458,0.0406399127338
2016_1122_1462,0.0231883989617
2016_1122_1463,0.147702407489
2016_1124_1138,0.893882767503
2016_1124_1139,0.55650524655
2016_1124_1143,0.66720836613
2016_1124_1151,0.882823790561
2016_1124_1153,0.59206807195
2016_1124_1160,0.710402500527
2016_1124_1163,0.616775549634
2016_1124_1167,0.941658750524
2016_1124_1173,0.691096194527
2016_1124_1181,0.445457674384
2016_1124_1192,0.97572464199
2016_1124_1195,0.953654324287
2016_1124_1201,0.765407408107
2016_1124_1211,0.588000105995
2016_1124_1214,0.966740097593
2016_1124_1218,0.801505254165
2016_1124_1221,0.972903239117
2016_1124_1231,0.506075717329
2016_1124_1233,0.849992489057
2016_1124_1234,0.623966353189
2016_1124_1235,0.588881127333
2016_1124_1242,0.357946436052
2016_1124_1246,0.419437564604
2016_1124_1268,0.532853077927
2016_1124_1274,0.529978901849
2016_1124_1276,0.702622388725
2016_1124_1277,0.352324999333
2016_1124_1292,0.889086662444
2016_1124_1314,0.366216016752
2016_1124_1320,0.785678077221
2016_1124_1323,0.589252983047
2016_1124_1328,0.511317286558
2016_1124_1332,0.459628522154
2016_1124_1333,0.790162139419
2016_1124_1338,0.616017097625
2016_1124_1344,0.623215279762
2016_1124_1345,0.490948473298
2016_1124_1355,0.848469542926
2016_1124_1371,0.615638251351
2016_1124_1372,0.748013169428
2016_1124_1380,0.980987584497
2016_1124_1386,0.741404099947
2016_1124_1392,0.880931721318
2016_1124_1393,0.687130093402
2016_1124_1396,0.759243849907
2016_1124_1400,0.650319887111
2016_1124_1401,0.567069983552
2016_1124_1403,0.768800205295
2016_1124_1409,0.78304820122
2016_1124_1421,0.958171153335
2016_1124_1423,0.837618737311
2016_1124_1425,0.783360044737
2016_1124_1428,0.575935616846
2016_1124_1433,0.691062986038
2016_1124_1435,0.721020966136
2016_1124_1437,0.359180973305
2016_1124_1438,0.39336665314
2016_1124_1451,0.925160366037
2016_1124_1452,0.387318850114
2016_1124_1453,0.861262535387
2016_1124_1455,0.639503753319
2016_1124_1458,0.613528532396
2016_1124_1462,0.47079400171
2016_1124_1463,0.866567964943
2016_1138_1139,0.125699183064
2016_1138_1143,0.186800131451
2016_1138_1151,0.463296949932
2016_1138_1153,0.142582741013
2016_1138_1160,0.219396999764
2016_1138_1163,0.155691800262
2016_1138_1167,0.649037258589
2016_1138_1173,0.204033256096
2016_1138_1181,0.0842801267105
2016_1138_1192,0.821595559682
2016_1138_1195,0.702169388142
2016_1138_1201,0.272105627597
2016_1138_1211,0.140539113976
2016_1138_1214,0.769067563096
2016_1138_1218,0.316307240432
2016_1138_1221,0.804450662524
2016_1138_1231,0.105060528055
2016_1138_1233,0.39365329965
2016_1138_1234,0.159747809753
2016_1138_1235,0.140979103716
2016_1138_1242,0.0600408141263
2016_1138_1246,0.0764487170393
2016_1138_1268,0.115584859671
2016_1138_1274,0.114410172818
2016_1138_1276,0.213038461639
2016_1138_1277,0.0586703727905
2016_1138_1292,0.47874333259
2016_1138_1314,0.0620935368425
2016_1138_1320,0.295784020659
2016_1138_1323,0.141165242453
2016_1138_1328,0.107048847372
2016_1138_1332,0.0888011351667
2016_1138_1333,0.301404118447
2016_1138_1338,0.155270615731
2016_1138_1344,0.159318773289
2016_1138_1345,0.0995052817596
2016_1138_1355,0.390817793285
2016_1138_1371,0.155060700052
2016_1138_1372,0.253793817043
2016_1138_1380,0.855319111326
2016_1138_1386,0.247266545287
2016_1138_1392,0.458783617762
2016_1138_1393,0.201043155695
2016_1138_1396,0.265420063823
2016_1138_1400,0.17565346213
2016_1138_1401,0.130491856503
2016_1138_1403,0.275883296434
2016_1138_1409,0.292555568001
2016_1138_1421,0.724105128689
2016_1138_1423,0.371471897652
2016_1138_1425,0.292935824694
2016_1138_1428,0.134654929634
2016_1138_1433,0.204007995107
2016_1138_1435,0.228466248873
2016_1138_1437,0.0603444590398
2016_1138_1438,0.0691573478602
2016_1138_1451,0.586155780576
2016_1138_1452,0.0675391392033
2016_1138_1453,0.415637618102
2016_1138_1455,0.168918352421
2016_1138_1458,0.153897360852
2016_1138_1462,0.0925003591756
2016_1138_1463,0.426639513066
2016_1139_1143,0.603390836386
2016_1139_1151,0.85112788647
2016_1139_1153,0.52411859121
2016_1139_1160,0.65052954303
2016_1139_1163,0.549812297338
2016_1139_1167,0.924516831956
2016_1139_1173,0.629314492181
2016_1139_1181,0.378713369335
2016_1139_1192,0.968254582101
2016_1139_1195,0.939811683868
2016_1139_1201,0.712301022954
2016_1139_1211,0.519922455545
2016_1139_1214,0.956628191564
2016_1139_1218,0.7539436203
2016_1139_1221,0.964596474044
2016_1139_1231,0.437413005933
2016_1139_1233,0.811313884903
2016_1139_1234,0.557357845394
2016_1139_1235,0.520830421202
2016_1139_1242,0.29728494783
2016_1139_1246,0.354102439141
2016_1139_1268,0.463970037759
2016_1139_1274,0.461100670638
2016_1139_1276,0.64195162647
2016_1139_1277,0.29218264446
2016_1139_1292,0.858813922534
2016_1139_1314,0.304818423017
2016_1139_1320,0.735575212083
2016_1139_1323,0.521213784371
2016_1139_1328,0.44258064988
2016_1139_1332,0.392262872633
2016_1139_1333,0.740761653439
2016_1139_1338,0.549018220525
2016_1139_1344,0.556568278702
2016_1139_1345,0.422582211319
2016_1139_1355,0.809486269921
2016_1139_1371,0.548621707443
2016_1139_1372,0.692550807173
2016_1139_1380,0.975095710883
2016_1139_1386,0.685099465533
2016_1139_1392,0.848811665303
2016_1139_1393,0.62498559599
2016_1139_1396,0.705279433033
2016_1139_1400,0.58527680318
2016_1139_1401,0.498483662749
2016_1139_1403,0.716177068253
2016_1139_1409,0.732539828465
2016_1139_1421,0.945600653892
2016_1139_1423,0.796513430286
2016_1139_1425,0.732899507891
2016_1139_1428,0.507534076218
2016_1139_1433,0.629278204724
2016_1139_1435,0.662299750636
2016_1139_1437,0.298407505376
2016_1139_1438,0.329785706736
2016_1139_1451,0.903666781397
2016_1139_1452,0.324193025368
2016_1139_1453,0.824891195446
2016_1139_1455,0.573767415275
2016_1139_1458,0.546415160913
2016_1139_1462,0.403012370751
2016_1139_1463,0.831315081239
2016_1143_1151,0.793620979759
2016_1143_1153,0.425549208074
2016_1143_1160,0.555960700275
2016_1143_1163,0.450990166592
2016_1143_1167,0.891753471388
2016_1143_1173,0.533124899177
2016_1143_1181,0.290780569056
2016_1143_1192,0.95352111771
2016_1143_1195,0.91306275867
2016_1143_1201,0.624807118068
2016_1143_1211,0.421443347079
2016_1143_1214,0.936850690098
2016_1143_1218,0.673305514981
2016_1143_1221,0.948255963813
2016_1143_1231,0.343383760035
2016_1143_1233,0.743070080273
2016_1143_1234,0.458560939597
2016_1143_1235,0.422330625981
2016_1143_1242,0.221517740174
2016_1143_1246,0.269406108337
2016_1143_1268,0.367965864641
2016_1143_1274,0.365285620171
2016_1143_1276,0.546679098637
2016_1143_1277,0.21731368505
2016_1143_1292,0.8035908735
2016_1143_1314,0.227753489582
2016_1143_1320,0.651698328637
2016_1143_1323,0.42270544571
2016_1143_1328,0.348127937983
2016_1143_1332,0.30271691728
2016_1143_1333,0.65776450182
2016_1143_1338,0.45019608712
2016_1143_1344,0.457766590741
2016_1143_1345,0.32987174084
2016_1143_1355,0.740792641967
2016_1143_1371,0.449799761103
2016_1143_1372,0.602403211326
2016_1143_1380,0.963417343771
2016_1143_1386,0.594047725714
2016_1143_1392,0.790630132454
2016_1143_1393,0.528514282712
2016_1143_1396,0.616798932489
2016_1143_1400,0.486975560672
2016_1143_1401,0.400676172511
2016_1143_1403,0.629248384373
2016_1143_1409,0.648160649842
2016_1143_1421,0.921208774782
2016_1143_1423,0.724732812966
2016_1143_1425,0.648579365869
2016_1143_1428,0.409400419592
2016_1143_1433,0.533086181761
2016_1143_1435,0.56880480171
2016_1143_1437,0.222444763201
2016_1143_1438,0.248666389357
2016_1143_1451,0.863192669524
2016_1143_1452,0.24394864982
2016_1143_1453,0.760106015945
2016_1143_1455,0.475184355202
2016_1143_1458,0.447596544582
2016_1143_1462,0.312273401897
2016_1143_1463,0.768238809888
2016_1151_1153,0.168219034225
2016_1151_1160,0.254741116954
2016_1151_1163,0.183181536901
2016_1151_1167,0.69221817823
2016_1151_1173,0.237655858163
2016_1151_1181,0.100664365713
2016_1151_1192,0.848501370302
2016_1151_1195,0.741417621322
2016_1151_1201,0.312541190945
2016_1151_1211,0.165879051089
2016_1151_1214,0.80198603115
2016_1151_1218,0.360062096573
2016_1151_1221,0.833417897701
2016_1151_1231,0.124933370736
2016_1151_1233,0.441202946567
2016_1151_1234,0.187794407194
2016_1151_1235,0.166383015312
2016_1151_1242,0.0720838121909
2016_1151_1246,0.09146257545
2016_1151_1268,0.137143376548
2016_1151_1274,0.135783228862
2016_1151_1276,0.247683259834
2016_1151_1277,0.0704590926541
2016_1151_1292,0.527627338353
2016_1151_1314,0.0745156299317
2016_1151_1320,0.338103845264
2016_1151_1323,0.166596190609
2016_1151_1328,0.127244317775
2016_1151_1332,0.105962566757
2016_1151_1333,0.344135099598
2016_1151_1338,0.182702078245
2016_1151_1344,0.187306836938
2016_1151_1345,0.11846641498
2016_1151_1355,0.438272501332
2016_1151_1371,0.182463087573
2016_1151_1372,0.292602071922
2016_1151_1380,0.877894827239
2016_1151_1386,0.285458518753
2016_1151_1392,0.50761428303
2016_1151_1393,0.23431807277
2016_1151_1396,0.305278806071
2016_1151_1400,0.205808591209
2016_1151_1401,0.15434555036
2016_1151_1403,0.316636032784
2016_1151_1409,0.334632971911
2016_1151_1421,0.761444748961
2016_1151_1423,0.418190123976
2016_1151_1425,0.335042018334
2016_1151_1428,0.159130353733
2016_1151_1433,0.237627677168
2016_1151_1435,0.264775820518
2016_1151_1437,0.0724436682337
2016_1151_1438,0.082867731178
2016_1151_1451,0.632695008622
2016_1151_1452,0.0809566152137
2016_1151_1453,0.463811499165
2016_1151_1455,0.198195230556
2016_1151_1458,0.181138236125
2016_1151_1462,0.110290160806
2016_1151_1463,0.475051924533
2016_1153_1160,0.633384571069
2016_1153_1163,0.531286321484
2016_1153_1167,0.919142902161
2016_1153_1173,0.611749889186
2016_1153_1181,0.361325382195
2016_1153_1192,0.965879586184
2016_1153_1195,0.935450625548
2016_1153_1201,0.69677396885
2016_1153_1211,0.501282173293
2016_1153_1214,0.953425220625
2016_1153_1218,0.739843165287
2016_1153_1221,0.961958553507
2016_1153_1231,0.419148157178
2016_1153_1233,0.799627332662
2016_1153_1234,0.538881960494
2016_1153_1235,0.502191638432
2016_1153_1242,0.281939015911
2016_1153_1246,0.337231080041
2016_1153_1268,0.445474345297
2016_1153_1274,0.442624910047
2016_1153_1276,0.624628653052
2016_1153_1277,0.2769962748
2016_1153_1292,0.849523698177
2016_1153_1314,0.289243677464
2016_1153_1320,0.720811928532
2016_1153_1323,0.50257567175
2016_1153_1328,0.424262746212
2016_1153_1332,0.374627902797
2016_1153_1333,0.726180145294
2016_1153_1338,0.530487472127
2016_1153_1344,0.538086750172
2016_1153_1345,0.404491390477
2016_1153_1355,0.797714744872
2016_1153_1371,0.530088611475
2016_1153_1372,0.676442022804
2016_1153_1380,0.973218369393
2016_1153_1386,0.668786983695
2016_1153_1392,0.838986673934
2016_1153_1393,0.607343855773
2016_1153_1396,0.689538594832
2016_1153_1400,0.567061056356
2016_1153_1401,0.479843754805
2016_1153_1403,0.700771325697
2016_1153_1409,0.717672120378
2016_1153_1421,0.941632996358
2016_1153_1423,0.784154070266
2016_1153_1425,0.7180440981
2016_1153_1428,0.488885645061
2016_1153_1433,0.61171294318
2016_1153_1435,0.645417477047
2016_1153_1437,0.283026965471
2016_1153_1438,0.313510567914
2016_1153_1451,0.896973875841
2016_1153_1452,0.308067023229
2016_1153_1453,0.813852631281
2016_1153_1455,0.555430135209
2016_1153_1458,0.52786943334
2016_1153_1462,0.385200442365
2016_1153_1463,0.820593394735
2016_1160_1163,0.402373846134
2016_1160_1167,0.871004032266
2016_1160_1173,0.483451296347
2016_1160_1181,0.251522441305
2016_1160_1192,0.94386642552
2016_1160_1195,0.89592129382
2016_1160_1201,0.577151243434
2016_1160_1211,0.373843267929
2016_1160_1214,0.924009150377
2016_1160_1218,0.628143540626
2016_1160_1221,0.937579179364
2016_1160_1231,0.300028102801
2016_1160_1233,0.703302509143
2016_1160_1234,0.40973758608
2016_1160_1235,0.3746952352
2016_1160_1242,0.189117218008
2016_1160_1246,0.232089382754
2016_1160_1268,0.323033405416
2016_1160_1274,0.320514474921
2016_1160_1276,0.497087220076
2016_1160_1277,0.185381643422
2016_1160_1292,0.770294959678
2016_1160_1314,0.194668965353
2016_1160_1320,0.605300385583
2016_1160_1323,0.375055226675
2016_1160_1328,0.304451016913
2016_1160_1332,0.262443605628
2016_1160_1333,0.611693156447
2016_1160_1338,0.401602750217
2016_1160_1344,0.408963930373
2016_1160_1345,0.287475190469
2016_1160_1355,0.700814498514
2016_1160_1371,0.401217985254
2016_1160_1372,0.55393326561
2016_1160_1380,0.955722861045
2016_1160_1386,0.54532798353
2016_1160_1392,0.75580474086
2016_1160_1393,0.478829679967
2016_1160_1396,0.568827823355
2016_1160_1400,0.437571841993
2016_1160_1401,0.353986534685
2016_1160_1403,0.581779029091
2016_1160_1409,0.60157955455
2016_1160_1421,0.905507243771
2016_1160_1423,0.6833365341
2016_1160_1425,0.602019667699
2016_1160_1428,0.362308741649
2016_1160_1433,0.483412451148
2016_1160_1435,0.519505964842
2016_1160_1437,0.189941732111
2016_1160_1438,0.213383379582
2016_1160_1451,0.837963289412
2016_1160_1452,0.209148695631
2016_1160_1453,0.721988728007
2016_1160_1455,0.42598358965
2016_1160_1458,0.399080128852
2016_1160_1462,0.271223234655
2016_1160_1463,0.730956365123
2016_1163_1167,0.91377263562
2016_1163_1173,0.594960335724
2016_1163_1181,0.345296212901
2016_1163_1192,0.963490118846
2016_1163_1195,0.931082253388
2016_1163_1201,0.681748426068
2016_1163_1211,0.483746896405
2016_1163_1214,0.950208530136
2016_1163_1218,0.72611289976
2016_1163_1221,0.959306063505
2016_1163_1231,0.402169098358
2016_1163_1233,0.788148803448
2016_1163_1234,0.521406520682
2016_1163_1235,0.484655464488
2016_1163_1242,0.267954056512
2016_1163_1246,0.321732339938
2016_1163_1268,0.428215047914
2016_1163_1274,0.425391321315
2016_1163_1276,0.608039193539
2016_1163_1277,0.263166633872
2016_1163_1292,0.84033277878
2016_1163_1314,0.275035168497
2016_1163_1320,0.706475741555
2016_1163_1323,0.485039153823
2016_1163_1328,0.407221755207
2016_1163_1332,0.358339707113
2016_1163_1333,0.712009479511
2016_1163_1338,0.512981414277
2016_1163_1344,0.520607983398
2016_1163_1345,0.387709753763
2016_1163_1355,0.786155952085
2016_1163_1371,0.512581346227
2016_1163_1372,0.660899305396
2016_1163_1380,0.971327583813
2016_1163_1386,0.65306514115
2016_1163_1392,0.829281499578
2016_1163_1393,0.590491312387
2016_1163_1396,0.674322102292
2016_1163_1400,0.549761285517
2016_1163_1401,0.462363145335
2016_1163_1403,0.685854556148
2016_1163_1409,0.703241083235
2016_1163_1421,0.937655131019
2016_1163_1423,0.772041836547
2016_1163_1425,0.703624222451
2016_1163_1428,0.471374143832
2016_1163_1433,0.594922849954
2016_1163_1435,0.629201372671
2016_1163_1437,0.269008257857
2016_1163_1438,0.298610819372
2016_1163_1451,0.890306934076
2016_1163_1452,0.29331544441
2016_1163_1453,0.802988234271
2016_1163_1455,0.538044220871
2016_1163_1458,0.510355859896
2016_1163_1462,0.368723598595
2016_1163_1463,0.81003058662
2016_1167_1173,0.125898959878
2016_1167_1181,0.0491721181533
2016_1167_1192,0.72126663824
2016_1167_1195,0.56984232435
2016_1167_1201,0.173588180075
2016_1167_1211,0.0841492531951
2016_1167_1214,0.651720789592
2016_1167_1218,0.206322536756
2016_1167_1221,0.698023808541
2016_1167_1231,0.0618811326445
2016_1167_1233,0.267288535813
2016_1167_1234,0.096516176321
2016_1167_1235,0.0844300443402
2016_1167_1242,0.0346479671694
2016_1167_1246,0.0444446510915
2016_1167_1268,0.0684106569373
2016_1167_1274,0.0676787128613
2016_1167_1276,0.13202764344
2016_1167_1277,0.0338362576411
2016_1167_1292,0.340398282987
2016_1167_1314,0.035865664898
2016_1167_1320,0.190942529934
2016_1167_1323,0.0845488684552
2016_1167_1328,0.0631098889498
2016_1167_1332,0.0519166130184
2016_1167_1333,0.195122523277
2016_1167_1338,0.0936137123597
2016_1167_1344,0.096237511361
2016_1167_1345,0.0584599234229
2016_1167_1355,0.264965491032
2016_1167_1371,0.0934779285645
2016_1167_1372,0.160444884283
2016_1167_1380,0.768614108055
2016_1167_1386,0.15581711332
2016_1167_1392,0.322636363437
2016_1167_1393,0.123875710795
2016_1167_1396,0.168761961255
2016_1167_1400,0.106927206923
2016_1167_1401,0.0777685748868
2016_1167_1403,0.176329447993
2016_1167_1409,0.188552018981
2016_1167_1421,0.59591548566
2016_1167_1423,0.249299943603
2016_1167_1425,0.18883317736
2016_1167_1428,0.0804051610707
2016_1167_1433,0.125881842668
2016_1167_1435,0.142652243273
2016_1167_1437,0.0348279509022
2016_1167_1438,0.0400732545425
2016_1167_1451,0.443160282839
2016_1167_1452,0.0391069918165
2016_1167_1453,0.285539073915
2016_1167_1455,0.102499619633
2016_1167_1458,0.0927259089616
2016_1167_1462,0.0541706694318
2016_1167_1463,0.294834757476
2016_1173_1181,0.263468181647
2016_1173_1192,0.94708689091
2016_1173_1195,0.901605693985
2016_1173_1201,0.592323498416
2016_1173_1211,0.388582413506
2016_1173_1214,0.928282293899
2016_1173_1218,0.642619090355
2016_1173_1221,0.941137858487
2016_1173_1231,0.313313221496
2016_1173_1233,0.716174292271
2016_1173_1234,0.424931518399
2016_1173_1235,0.389447078872
2016_1173_1242,0.198886662072
2016_1173_1246,0.243412326572
2016_1173_1268,0.336846977761
2016_1173_1274,0.334273520111
2016_1173_1276,0.512706744821
2016_1173_1277,0.19500452157
2016_1173_1292,0.781164701991
2016_1173_1314,0.204652820777
2016_1173_1320,0.620127400906
2016_1173_1323,0.38981240794
2016_1173_1328,0.317843051245
2016_1173_1332,0.274717656483
2016_1173_1333,0.626428235919
2016_1173_1338,0.416707986595
2016_1173_1344,0.424149789047
2016_1173_1345,0.300443049004
2016_1173_1355,0.713750288417
2016_1173_1371,0.416318818159
2016_1173_1372,0.569316939158
2016_1173_1380,0.958293162444
2016_1173_1386,0.560773111827
2016_1173_1392,0.767152896144
2016_1173_1393,0.49443953899
2016_1173_1396,0.584083510962
2016_1173_1400,0.453005785891
2016_1173_1401,0.368403416293
2016_1173_1403,0.596901208165
2016_1173_1409,0.616457777618
2016_1173_1421,0.91072026665
2016_1173_1423,0.696700965497
2016_1173_1425,0.616891922125
2016_1173_1428,0.376866834891
2016_1173_1433,0.49902865729
2016_1173_1435,0.535080431455
2016_1173_1437,0.199743277219
2016_1173_1438,0.224059993807
2016_1173_1451,0.846269988351
2016_1173_1452,0.219672598608
2016_1173_1453,0.734356036288
2016_1173_1455,0.441329526456
2016_1173_1458,0.414156151981
2016_1173_1462,0.283749926338
2016_1173_1463,0.743066713642
2016_1181_1192,0.981234210643
2016_1181_1195,0.963988127277
2016_1181_1201,0.809322648213
2016_1181_1211,0.649936718957
2016_1181_1214,0.974234965049
2016_1181_1218,0.84007496027
2016_1181_1221,0.979039401207
2016_1181_1231,0.571349961946
2016_1181_1233,0.880544775976
2016_1181_1234,0.683407281359
2016_1181_1235,0.650763959362
2016_1181_1242,0.420375687179
2016_1181_1246,0.484498558811
2016_1181_1268,0.597403740321
2016_1181_1274,0.594624578149
2016_1181_1276,0.754521402616
2016_1181_1277,0.414406627897
2016_1181_1292,0.912496270714
2016_1181_1314,0.429123588512
2016_1181_1320,0.826658060388
2016_1181_1323,0.651113003767
2016_1181_1328,0.576478534218
2016_1181_1332,0.525283118506
2016_1181_1333,0.830469739028
2016_1181_1338,0.676062234254
2016_1181_1344,0.682714561424
2016_1181_1345,0.556469788989
2016_1181_1355,0.879287960403
2016_1181_1371,0.675711443294
2016_1181_1372,0.79430953448
2016_1181_1380,0.98532063899
2016_1181_1386,0.788571505579
2016_1181_1392,0.905880321009
2016_1181_1393,0.740735184778
2016_1181_1396,0.804017463393
2016_1181_1400,0.707547525495
2016_1181_1401,0.630174072786
2016_1181_1403,0.812236124771
2016_1181_1409,0.824418660543
2016_1181_1421,0.967532116889
2016_1181_1423,0.870306673538
2016_1181_1425,0.824684352348
2016_1181_1428,0.638571083987
2016_1181_1433,0.744245048079
2016_1181_1435,0.770756653258
2016_1181_1437,0.421684126125
2016_1181_1438,0.457570933552
2016_1181_1451,0.941457515766
2016_1181_1452,0.451270325644
2016_1181_1453,0.889816979942
2016_1181_1455,0.697678625737
2016_1181_1458,0.673756723926
2016_1181_1462,0.536460142378
2016_1181_1463,0.894164647574
2016_1192_1195,0.318076176325
2016_1192_1201,0.0688658832639
2016_1192_1211,0.0313376366543
2016_1192_1214,0.397181410089
2016_1192_1218,0.0838560835615
2016_1192_1221,0.448698694638
2016_1192_1231,0.0226985022173
2016_1192_1233,0.11382440379
2016_1192_1234,0.0362503507208
2016_1192_1235,0.0314482558961
2016_1192_1242,0.0124797619479
2016_1192_1246,0.0161130263282
2016_1192_1268,0.025204665821
2016_1192_1274,0.024922627214
2016_1192_1276,0.0508356797317
2016_1192_1277,0.0121808413134
2016_1192_1292,0.153767195327
2016_1192_1314,0.0129287956841
2016_1192_1320,0.0767226727925
2016_1192_1323,0.031495080143
2016_1192_1328,0.0231684349926
2016_1192_1332,0.0189162117673
2016_1192_1333,0.0786452939868
2016_1192_1338,0.0350898310738
2016_1192_1344,0.0361387274648
2016_1192_1345,0.0213941719631
2016_1192_1355,0.112630114354
2016_1192_1371,0.0350356531151
2016_1192_1372,0.0630467680589
2016_1192_1380,0.539086901243
2016_1192_1386,0.0610240902157
2016_1192_1392,0.143623195144
2016_1192_1393,0.0474229748944
2016_1192_1396,0.0667161760664
2016_1192_1400,0.0404516713051
2016_1192_1401,0.0288353574302
2016_1192_1403,0.0700936648694
2016_1192_1409,0.0756284703845
2016_1192_1421,0.341782665351
2016_1192_1423,0.104688320921
2016_1192_1425,0.0757569638875
2016_1192_1428,0.0298666884077
2016_1192_1433,0.0482591758695
2016_1192_1435,0.0553431555418
2016_1192_1437,0.0125460864343
2016_1192_1438,0.0144859701819
2016_1192_1451,0.218884156118
2016_1192_1452,0.0141275983435
2016_1192_1453,0.123360557674
2016_1192_1455,0.0386575208033
2016_1192_1458,0.0347357796772
2016_1192_1462,0.0197673673959
2016_1192_1463,0.128324833276
2016_1195_1201,0.132897984703
2016_1195_1211,0.0628301966089
2016_1195_1214,0.577237788802
2016_1195_1218,0.159439575287
2016_1195_1221,0.627787711001
2016_1195_1231,0.0459207935358
2016_1195_1233,0.210221534925
2016_1195_1234,0.0723113608683
2016_1195_1235,0.0630447467865
2016_1195_1242,0.0255205081344
2016_1195_1246,0.0328241630347
2016_1195_1268,0.0508575257348
2016_1195_1274,0.0503032463581
2016_1195_1276,0.0999018264032
2016_1195_1277,0.0249171113355
2016_1195_1292,0.2735496166
2016_1195_1314,0.0264262039909
2016_1195_1320,0.146907507481
2016_1195_1323,0.0631355493417
2016_1195_1328,0.0468484564396
2016_1195_1332,0.0384210587792
2016_1195_1333,0.150302598513
2016_1195_1338,0.0700803310761
2016_1195_1344,0.0720970041721
2016_1195_1345,0.0433412134338
2016_1195_1355,0.208253499662
2016_1195_1371,0.0699760464299
2016_1195_1372,0.122379330993
2016_1195_1380,0.707926514863
2016_1195_1386,0.118694274886
2016_1195_1392,0.257911940494
2016_1195_1393,0.0935197534673
2016_1195_1396,0.129026435179
2016_1195_1400,0.0803436414112
2016_1195_1401,0.0579637416938
2016_1195_1403,0.135101729085
2016_1195_1409,0.14496951105
2016_1195_1421,0.518318666868
2016_1195_1423,0.195051175534
2016_1195_1425,0.145197310263
2016_1195_1428,0.0599725488872
2016_1195_1433,0.0950876343083
2016_1195_1435,0.108263642201
2016_1195_1437,0.0256543380278
2016_1195_1438,0.0295603535227
2016_1195_1451,0.367370690876
2016_1195_1452,0.0288399662962
2016_1195_1453,0.225776197041
2016_1195_1455,0.0769220024792
2016_1195_1458,0.0693986226502
2016_1195_1462,0.0401139718209
2016_1195_1463,0.233762876045
2016_1201_1211,0.300483114499
2016_1201_1214,0.897419423882
2016_1201_1218,0.548602668212
2016_1201_1221,0.915302461278
2016_1201_1231,0.235700401663
2016_1201_1233,0.630378223998
2016_1201_1234,0.333080624039
2016_1201_1235,0.301248331374
2016_1201_1242,0.143687966443
2016_1201_1246,0.178611216661
2016_1201_1268,0.255574183788
2016_1201_1274,0.253384393197
2016_1201_1276,0.415594381692
2016_1201_1277,0.140694045219
2016_1201_1292,0.706976196763
2016_1201_1314,0.148149743279
2016_1201_1320,0.524571573919
2016_1201_1323,0.301571790068
2016_1201_1328,0.239499483824
2016_1201_1332,0.203827693518
2016_1201_1333,0.531259331631
2016_1201_1338,0.325628119939
2016_1201_1344,0.332370207569
2016_1201_1345,0.224973872058
2016_1201_1355,0.627602492275
2016_1201_1371,0.325276577484
2016_1201_1372,0.471865088313
2016_1201_1380,0.939503451683
2016_1201_1386,0.463210806175
2016_1201_1392,0.690098666464
2016_1201_1393,0.397961473666
2016_1201_1396,0.486961956213
2016_1201_1400,0.3588735048
2016_1201_1401,0.282763297015
2016_1201_1403,0.500211616889
2016_1201_1409,0.520692335178
2016_1201_1421,0.873331060423
2016_1201_1423,0.608238437865
2016_1201_1425,0.521150677255
2016_1201_1428,0.290163146506
2016_1201_1433,0.402367815494
2016_1201_1435,0.437535340509
2016_1201_1437,0.144349676106
2016_1201_1438,0.163298872032
2016_1201_1451,0.78816788564
2016_1201_1452,0.159856146361
2016_1201_1453,0.651380653992
2016_1201_1455,0.348079558246
2016_1201_1458,0.323324870667
2016_1201_1462,0.211207948515
2016_1201_1463,0.661558215118
2016_1211_1214,0.950823275205
2016_1211_1218,0.728704471977
2016_1211_1221,0.959813237224
2016_1211_1231,0.405315483315
2016_1211_1233,0.790322884754
2016_1211_1234,0.524667070858
2016_1211_1235,0.487920493447
2016_1211_1242,0.270525558972
2016_1211_1246,0.324591102089
2016_1211_1268,0.431418154877
2016_1211_1274,0.428589138593
2016_1211_1276,0.611149695972
2016_1211_1277,0.265708868539
2016_1211_1292,0.842078635983
2016_1211_1314,0.277648852774
2016_1211_1320,0.709178703852
2016_1211_1323,0.48830431841
2016_1211_1328,0.410380534717
2016_1211_1332,0.361350452789
2016_1211_1333,0.714682063599
2016_1211_1338,0.516246109394
2016_1211_1344,0.52386900597
2016_1211_1345,0.390816966968
2016_1211_1355,0.788344992516
2016_1211_1371,0.515846192053
2016_1211_1372,0.663822251369
2016_1211_1380,0.971689353387
2016_1211_1386,0.656020468762
2016_1211_1392,0.831123911211
2016_1211_1393,0.593648006031
2016_1211_1396,0.677185861316
2016_1211_1400,0.552994271121
2016_1211_1401,0.465613681992
2016_1211_1403,0.688663727801
2016_1211_1409,0.705961434947
2016_1211_1421,0.938414820087
2016_1211_1423,0.774333884589
2016_1211_1425,0.706342528584
2016_1211_1428,0.474632104336
2016_1211_1433,0.598068635232
2016_1211_1435,0.632245509533
2016_1211_1437,0.271586123928
2016_1211_1438,0.301355414984
2016_1211_1451,0.891576859641
2016_1211_1452,0.296031911401
2016_1211_1453,0.805047697673
2016_1211_1455,0.541291141159
2016_1211_1458,0.513621467749
2016_1211_1462,0.371771040353
2016_1211_1463,0.812033665349
2016_1214_1218,0.118562229014
2016_1214_1221,0.544637119234
2016_1214_1231,0.0330047761268
2016_1214_1233,0.158784064578
2016_1214_1234,0.0523800605212
2016_1214_1235,0.0455422288477
2016_1214_1242,0.018232770025
2016_1214_1246,0.0235010629963
2016_1214_1268,0.0366062427561
2016_1214_1274,0.0362013593258
2016_1214_1276,0.0729638475613
2016_1214_1277,0.0177985344692
2016_1214_1292,0.210751788258
2016_1214_1314,0.0188848439381
2016_1214_1320,0.10882716566
2016_1214_1323,0.045609049852
2016_1214_1328,0.033680728788
2016_1214_1332,0.0275535517067
2016_1214_1333,0.111457184268
2016_1214_1338,0.0507303452481
2016_1214_1344,0.052221461388
2016_1214_1345,0.0311270762414
2016_1214_1355,0.157201723603
2016_1214_1371,0.0506532863558
2016_1214_1372,0.0899863520416
2016_1214_1380,0.632189713773
2016_1214_1386,0.0871798114915
2016_1214_1392,0.197726895353
2016_1214_1393,0.0681723273839
2016_1214_1396,0.0950645971949
2016_1214_1400,0.058337614346
2016_1214_1401,0.0418088717416
2016_1214_1403,0.0997238697177
2016_1214_1409,0.107328321583
2016_1214_1421,0.43280763794
2016_1214_1423,0.146636438769
2016_1214_1425,0.107504409713
2016_1214_1428,0.0432835354828
2016_1214_1433,0.0693477626693
2016_1214_1435,0.0792695132972
2016_1214_1437,0.0183291017483
2016_1214_1438,0.0211440123185
2016_1214_1451,0.291682644307
2016_1214_1452,0.020624372678
2016_1214_1453,0.171358555888
2016_1214_1455,0.0557962985735
2016_1214_1458,0.0502266978421
2016_1214_1462,0.0287819522054
2016_1214_1463,0.177862475299
2016_1218_1221,0.8963084117
2016_1218_1231,0.197863276415
2016_1218_1233,0.577015911297
2016_1218_1234,0.285449396964
2016_1218_1235,0.256418990892
2016_1218_1242,0.118334721846
2016_1218_1246,0.148162070937
2016_1218_1268,0.215446026315
2016_1218_1274,0.213501450171
2016_1218_1276,0.362578526952
2016_1218_1277,0.115797631004
2016_1218_1292,0.658684791657
2016_1218_1314,0.122121508087
2016_1218_1320,0.468805835329
2016_1218_1323,0.256711999051
2016_1218_1328,0.201213046574
2016_1218_1332,0.169969266856
2016_1218_1333,0.475493690639
2016_1218_1338,0.278617391597
2016_1218_1344,0.284797188718
2016_1218_1345,0.188434148435
2016_1218_1355,0.574110185943
2016_1218_1371,0.278295657097
2016_1218_1372,0.416790417798
2016_1218_1380,0.925494877935
2016_1218_1386,0.408365205135
2016_1218_1392,0.640440408962
2016_1218_1393,0.345863761772
2016_1218_1396,0.43156509169
2016_1218_1400,0.309264245444
2016_1218_1401,0.239740955588
2016_1218_1403,0.444613724704
2016_1218_1409,0.464935698079
2016_1218_1421,0.846503079901
2016_1218_1423,0.553941534999
2016_1218_1425,0.465392615284
2016_1218_1428,0.246401710327
2016_1218_1433,0.350028641431
2016_1218_1435,0.383557552438
2016_1218_1437,0.118895886337
2016_1218_1438,0.135030998561
2016_1218_1451,0.748497062983
2016_1218_1452,0.132090143111
2016_1218_1453,0.599122239439
2016_1218_1455,0.29926592111
2016_1218_1458,0.276510319533
2016_1218_1462,0.176395181194
2016_1218_1463,0.609911785107
2016_1221_1231,0.0279785603251
2016_1221_1233,0.137323386728
2016_1221_1234,0.0445391337917
2016_1221_1235,0.0386830937445
2016_1221_1242,0.0154202732121
2016_1221_1246,0.0198923713693
2016_1221_1268,0.031049178913
2016_1221_1274,0.0307038005166
2016_1221_1276,0.0622440632953
2016_1221_1277,0.0150519937305
2016_1221_1292,0.183802004296
2016_1221_1314,0.0159733979664
2016_1221_1320,0.0933690571568
2016_1221_1323,0.0387402592909
2016_1221_1328,0.0285546135388
2016_1221_1332,0.0233374544845
2016_1221_1333,0.0956656032486
2016_1221_1338,0.0431251308389
2016_1221_1344,0.0444031633798
2016_1221_1345,0.0263790101751
2016_1221_1355,0.135920354001
2016_1221_1371,0.0430591001794
2016_1221_1372,0.0769732927269
2016_1221_1380,0.591754749689
2016_1221_1386,0.0745393662592
2016_1221_1392,0.1720795236
2016_1221_1393,0.0581123800914
2016_1221_1396,0.08138284054
2016_1221_1400,0.0496516107693
2016_1221_1401,0.0354911109527
2016_1221_1403,0.0854348556407
2016_1221_1409,0.0920611197257
2016_1221_1421,0.391549597742
2016_1221_1423,0.12657055798
2016_1221_1425,0.0922147472534
2016_1221_1428,0.03675148441
2016_1221_1433,0.0591253664569
2016_1221_1435,0.0676909523416
2016_1221_1437,0.0155019799129
2016_1221_1438,0.017890625104
2016_1221_1451,0.25776378612
2016_1221_1452,0.0174495160545
2016_1221_1453,0.148498369167
2016_1221_1455,0.047469602187
2016_1221_1458,0.0426935916729
2016_1221_1462,0.0243826045954
2016_1221_1463,0.154296190897
2016_1231_1233,0.849690833671
2016_1231_1234,0.623411550321
2016_1231_1235,0.588308713869
2016_1231_1242,0.357403352026
2016_1231_1246,0.418862049016
2016_1231_1268,0.532264616184
2016_1231_1274,0.529390017182
2016_1231_1276,0.702128235251
2016_1231_1277,0.351785771191
2016_1231_1292,0.888853342947
2016_1231_1314,0.365667531687
2016_1231_1320,0.785279760858
2016_1231_1323,0.588680725696
2016_1231_1328,0.510726606097
2016_1231_1332,0.45904146352
2016_1231_1333,0.789769926776
2016_1231_1338,0.615457794418
2016_1231_1344,0.622660038895
2016_1231_1345,0.490357712185
2016_1231_1355,0.848165372058
2016_1231_1371,0.615078741132
2016_1231_1372,0.747567343511
2016_1231_1380,0.980943445912
2016_1231_1386,0.740950630478
2016_1231_1392,0.880683549132
2016_1231_1393,0.686621678291
2016_1231_1396,0.758811486996
2016_1231_1400,0.649782142767
2016_1231_1401,0.566489557693
2016_1231_1403,0.768379768698
2016_1231_1409,0.782646349377
2016_1231_1421,0.95807630862
2016_1231_1423,0.837296962106
2016_1231_1425,0.782958610408
2016_1231_1428,0.575358176356
2016_1231_1433,0.69055808379
2016_1231_1435,0.720545225819
2016_1231_1437,0.358637062467
2016_1231_1438,0.39280270665
2016_1231_1451,0.924996530199
2016_1231_1452,0.386758046218
2016_1231_1453,0.860979836642
2016_1231_1455,0.638958610093
2016_1231_1458,0.612967881783
2016_1231_1462,0.4702050913
2016_1231_1463,0.866294398539
2016_1233_1234,0.218615666027
2016_1233_1235,0.194531847553
2016_1233_1242,0.085923406309
2016_1233_1246,0.108587364516
2016_1233_1268,0.16130260987
2016_1233_1274,0.159747217758
2016_1233_1276,0.284886002041
2016_1233_1277,0.0840149949222
2016_1233_1292,0.574754377995
2016_1233_1314,0.0887774468194
2016_1233_1320,0.381991990968
2016_1233_1323,0.194772661495
2016_1233_1328,0.149962801766
2016_1233_1332,0.125427429287
2016_1233_1333,0.388346802151
2016_1233_1338,0.21290665447
2016_1233_1344,0.218069559529
2016_1233_1345,0.139868838158
2016_1233_1355,0.485623421839
2016_1233_1371,0.212638432998
2016_1233_1372,0.333560310298
2016_1233_1380,0.896904890903
2016_1233_1386,0.325877454896
2016_1233_1392,0.555054204315
2016_1233_1393,0.270234421536
2016_1233_1396,0.34714073581
2016_1233_1400,0.238717418875
2016_1233_1401,0.180899807733
2016_1233_1403,0.359250000151
2016_1233_1409,0.378328097158
2016_1233_1421,0.794337260207
2016_1233_1423,0.465168079304
2016_1233_1425,0.378760150697
2016_1233_1428,0.186326430351
2016_1233_1433,0.273869872577
2016_1233_1435,0.303510157657
2016_1233_1437,0.0863459231666
2016_1233_1438,0.0985578534029
2016_1233_1451,0.675780982375
2016_1233_1452,0.0963228916501
2016_1233_1453,0.511409583555
2016_1233_1455,0.230239603758
2016_1233_1458,0.211151069302
2016_1233_1462,0.13043400423
2016_1233_1463,0.522679072575
2016_1234_1235,0.462159705096
2016_1234_1242,0.250625047924
2016_1234_1246,0.302361916888
2016_1234_1268,0.406273746371
2016_1234_1274,0.403492604585
2016_1234_1276,0.586332314885
2016_1234_1277,0.246043174373
2016_1234_1292,0.827848101242
2016_1234_1314,0.257409241024
2016_1234_1320,0.687417813328
2016_1234_1323,0.462541569663
2016_1234_1328,0.385630657871
2016_1234_1332,0.337863151758
2016_1234_1333,0.693154792455
2016_1234_1338,0.490422071254
2016_1234_1344,0.49805624163
2016_1234_1345,0.366513540956
2016_1234_1355,0.770591554463
2016_1234_1371,0.490021894708
2016_1234_1372,0.640388481919
2016_1234_1380,0.968704172616
2016_1234_1386,0.63234406574
2016_1234_1392,0.81612178519
2016_1234_1393,0.568502274297
2016_1234_1396,0.654198364698
2016_1234_1400,0.527335842458
2016_1234_1401,0.44001862693
2016_1234_1403,0.666090551642
2016_1234_1409,0.684067055207
2016_1234_1421,0.932165983873
2016_1234_1423,0.755769298318
2016_1234_1425,0.684463842242
2016_1234_1428,0.448957797598
2016_1234_1433,0.572999695553
2016_1234_1435,0.607910727101
2016_1234_1437,0.251634507625
2016_1234_1438,0.280057678092
2016_1234_1451,0.881177299781
2016_1234_1452,0.274962332657
2016_1234_1453,0.78831907897
2016_1234_1455,0.515549446819
2016_1234_1458,0.487796332482
2016_1234_1462,0.34797546282
2016_1234_1463,0.795752416463
2016_1235_1242,0.267579048113
2016_1235_1246,0.32131510295
2016_1235_1268,0.427746806256
2016_1235_1274,0.424923872715
2016_1235_1276,0.607583262671
2016_1235_1277,0.262795920327
2016_1235_1292,0.840075984771
2016_1235_1314,0.274653968079
2016_1235_1320,0.706078963337
2016_1235_1323,0.484561433622
2016_1235_1328,0.406760138844
2016_1235_1332,0.357900046591
2016_1235_1333,0.711617128175
2016_1235_1338,0.512503562753
2016_1235_1344,0.520130614889
2016_1235_1345,0.387255806052
2016_1235_1355,0.78583423164
2016_1235_1371,0.512103475509
2016_1235_1372,0.660470527219
2016_1235_1380,0.971274267915
2016_1235_1386,0.65263166358
2016_1235_1392,0.829010548306
2016_1235_1393,0.590028732409
2016_1235_1396,0.673901922141
2016_1235_1400,0.549287814552
2016_1235_1401,0.461887726914
2016_1235_1403,0.685442314156
2016_1235_1409,0.702841771666
2016_1235_1421,0.937543227803
2016_1235_1423,0.771705048211
2016_1235_1425,0.703225208861
2016_1235_1428,0.470897575251
2016_1235_1433,0.594461837904
2016_1235_1435,0.62875502822
2016_1235_1437,0.268632315484
2016_1235_1438,0.298210384053
2016_1235_1451,0.890120004385
2016_1235_1452,0.292919144559
2016_1235_1453,0.802685481503
2016_1235_1455,0.537568792599
2016_1235_1458,0.509877893575
2016_1235_1462,0.368278509983
2016_1235_1463,0.809736091753
2016_1242_1246,0.559632533243
2016_1242_1268,0.667379230264
2016_1242_1274,0.664812090162
2016_1242_1276,0.806053906632
2016_1242_1277,0.488981416788
2016_1242_1292,0.93377633578
2016_1242_1314,0.504067087446
2016_1242_1320,0.865741748427
2016_1242_1323,0.716188197195
2016_1242_1328,0.647947735555
2016_1242_1332,0.599387888689
2016_1242_1333,0.868830370674
2016_1242_1338,0.738353858733
2016_1242_1344,0.744210966998
2016_1242_1345,0.629143331435
2016_1242_1355,0.907828211391
2016_1242_1371,0.738044386028
2016_1242_1372,0.839268751568
2016_1242_1380,0.989102031596
2016_1242_1386,0.834523639742
2016_1242_1392,0.928643503904
2016_1242_1393,0.794373066601
2016_1242_1396,0.84726277447
2016_1242_1400,0.765881330985
2016_1242_1401,0.697339391288
2016_1242_1403,0.853997234401
2016_1242_1409,0.863924154836
2016_1242_1421,0.975783197589
2016_1242_1423,0.900730658676
2016_1242_1425,0.864139917927
2016_1242_1428,0.704925468025
2016_1242_1433,0.797355444199
2016_1242_1435,0.819695390419
2016_1242_1437,0.496458257618
2016_1242_1438,0.532845402816
2016_1242_1451,0.956033837202
2016_1242_1452,0.526514384185
2016_1242_1453,0.916105347333
2016_1242_1455,0.757305715492
2016_1242_1458,0.736318773585
2016_1242_1462,0.610115176803
2016_1242_1463,0.91950954438
2016_1246_1268,0.620413765531
2016_1246_1274,0.617691793965
2016_1246_1276,0.771979023843
2016_1246_1277,0.438037133524
2016_1246_1292,0.91991174029
2016_1246_1314,0.452944190093
2016_1246_1320,0.840072933765
2016_1246_1323,0.672734946084
2016_1246_1328,0.599883514955
2016_1246_1332,0.549305413083
2016_1246_1333,0.843645421438
2016_1246_1338,0.696857846472
2016_1246_1344,0.703270556746
2016_1246_1345,0.580175246186
2016_1246_1355,0.889175863159
2016_1246_1371,0.696519466129
2016_1246_1372,0.809651399789
2016_1246_1380,0.986654892514
2016_1246_1386,0.804235874115
2016_1246_1392,0.913803494862
2016_1246_1393,0.75885989696
2016_1246_1396,0.81880042217
2016_1246_1400,0.727137681058
2016_1246_1401,0.65240091941
2016_1246_1403,0.826532900986
2016_1246_1409,0.837972871805
2016_1246_1421,0.970434710461
2016_1246_1423,0.880830554674
2016_1246_1425,0.838222078025
2016_1246_1428,0.660565095622
2016_1246_1433,0.762203162364
2016_1246_1435,0.787385028891
2016_1246_1437,0.445413969996
2016_1246_1438,0.481638377653
2016_1246_1451,0.94656240511
2016_1246_1452,0.475296754752
2016_1246_1453,0.898941542569
2016_1246_1455,0.717666066919
2016_1246_1458,0.694633489802
2016_1246_1462,0.560390188717
2016_1246_1463,0.902968429169
2016_1268_1274,0.510896477867
2016_1268_1276,0.686401677807
2016_1268_1277,0.335079027969
2016_1268_1292,0.881318825501
2016_1268_1314,0.348656124853
2016_1268_1320,0.772520977757
2016_1268_1323,0.570627381627
2016_1268_1328,0.492203151675
2016_1268_1332,0.440704093284
2016_1268_1333,0.777202253449
2016_1268_1338,0.597776706183
2016_1268_1344,0.605097623762
2016_1268_1345,0.471860549487
2016_1268_1355,0.838374199043
2016_1268_1371,0.597391625366
2016_1268_1372,0.733328648742
2016_1268_1380,0.979507697924
2016_1268_1386,0.726475270726
2016_1268_1392,0.872674543029
2016_1268_1393,0.670460677455
2016_1268_1396,0.744990678492
2016_1268_1400,0.632737501981
2016_1268_1401,0.548209722031
2016_1268_1403,0.754930171906
2016_1268_1409,0.769776963007
2016_1268_1421,0.954996757603
2016_1268_1423,0.82694792805
2016_1268_1425,0.770102281863
2016_1268_1428,0.557159966831
2016_1268_1433,0.674503850635
2016_1268_1435,0.705383015293
2016_1268_1437,0.34177650037
2016_1268_1438,0.375275757447
2016_1268_1451,0.919690751096
2016_1268_1452,0.369336753543
2016_1268_1453,0.851870694821
2016_1268_1455,0.621693888425
2016_1268_1458,0.595247598928
2016_1268_1462,0.451794215941
2016_1268_1463,0.857475842352
2016_1274_1276,0.675523584911
2016_1274_1277,0.324015975529
2016_1274_1292,0.875980381008
2016_1274_1314,0.337372251339
2016_1274_1320,0.763601353523
2016_1274_1323,0.558317493737
2016_1274_1328,0.479694983993
2016_1274_1332,0.428400550673
2016_1274_1333,0.76841115845
2016_1274_1338,0.585680027395
2016_1274_1344,0.593071238114
2016_1274_1345,0.459401650162
2016_1274_1355,0.831473428586
2016_1274_1371,0.585291399877
2016_1274_1372,0.723422453976
2016_1274_1380,0.978478069882
2016_1274_1386,0.716412941204
2016_1274_1392,0.867005942744
2016_1274_1393,0.659304086041
2016_1274_1396,0.735361363793
2016_1274_1400,0.621025674792
2016_1274_1401,0.535779986603
2016_1274_1403,0.745547987499
2016_1274_1409,0.760783061451
2016_1274_1421,0.952794937855
2016_1274_1423,0.819664240485
2016_1274_1425,0.7611171453
2016_1274_1428,0.544771996237
2016_1274_1433,0.663415423784
2016_1274_1435,0.69487065426
2016_1274_1437,0.330602267256
2016_1274_1438,0.363611307707
2016_1274_1451,0.915913649975
2016_1274_1452,0.357751190982
2016_1274_1453,0.845439935431
2016_1274_1455,0.609847041012
2016_1274_1458,0.58312790165
2016_1274_1462,0.43942431521
2016_1274_1463,0.851245928418
2016_1276_1277,0.184476146131
2016_1276_1292,0.769230278341
2016_1276_1314,0.193728892358
2016_1276_1320,0.603864239032
2016_1276_1323,0.373648216301
2016_1276_1328,0.303180379735
2016_1276_1332,0.261282429273
2016_1276_1333,0.610265293701
2016_1276_1338,0.400159917705
2016_1276_1344,0.40751266164
2016_1276_1345,0.286246245219
2016_1276_1355,0.69955338508
2016_1276_1371,0.399775611572
2016_1276_1372,0.552448409705
2016_1276_1380,0.955467950137
2016_1276_1386,0.543838071665
2016_1276_1392,0.754694285676
2016_1276_1393,0.477330713902
2016_1276_1396,0.567353823434
2016_1276_1400,0.436093959609
2016_1276_1401,0.35261396682
2016_1276_1403,0.58031663786
2016_1276_1409,0.600138813012
2016_1276_1421,0.904991972428
2016_1276_1423,0.682035174022
2016_1276_1425,0.600579460982
2016_1276_1428,0.360921933182
2016_1276_1433,0.481912404429
2016_1276_1435,0.518006225701
2016_1276_1437,0.189019129322
2016_1276_1438,0.212376765811
2016_1276_1451,0.83714594078
2016_1276_1452,0.208156772253
2016_1276_1453,0.720781307172
2016_1276_1455,0.424515304501
2016_1276_1458,0.39764033689
2016_1276_1462,0.270037435221
2016_1276_1463,0.72977331418
2016_1277_1292,0.939667952301
2016_1277_1314,0.528900941245
2016_1277_1320,0.87688808116
2016_1277_1323,0.735963988285
2016_1277_1328,0.67028944352
2016_1277_1332,0.623018325231
2016_1277_1333,0.879755895955
2016_1277_1338,0.757108966889
2016_1277_1344,0.762681175425
2016_1277_1345,0.652037534919
2016_1277_1355,0.915820204201
2016_1277_1371,0.756814371199
2016_1277_1372,0.852237795383
2016_1277_1380,0.990123633798
2016_1277_1386,0.847806125497
2016_1277_1392,0.934959958474
2016_1277_1393,0.810145172936
2016_1277_1396,0.859694630167
2016_1277_1400,0.783242507167
2016_1277_1401,0.71791124884
2016_1277_1403,0.865967660362
2016_1277_1409,0.875199634262
2016_1277_1421,0.978025601647
2016_1277_1423,0.909276562204
2016_1277_1425,0.875400097387
2016_1277_1428,0.725184903061
2016_1277_1433,0.812952658715
2016_1277_1435,0.833931257728
2016_1277_1437,0.521311294334
2016_1277_1438,0.557503233528
2016_1277_1451,0.960030065094
2016_1277_1452,0.551224939027
2016_1277_1453,0.923440174656
2016_1277_1455,0.77511609412
2016_1277_1458,0.755171388035
2016_1277_1462,0.633499760007
2016_1277_1463,0.926570601937
2016_1292_1314,0.0658481848507
2016_1292_1320,0.309013705856
2016_1292_1323,0.148941889034
2016_1292_1328,0.113193765516
2016_1292_1332,0.0940088577132
2016_1292_1333,0.314772817113
2016_1292_1338,0.163676222875
2016_1292_1344,0.167899970054
2016_1292_1345,0.105268225283
2016_1292_1355,0.405848415418
2016_1292_1371,0.163457142295
2016_1292_1372,0.265854408374
2016_1292_1380,0.862909117301
2016_1292_1386,0.259124665974
2016_1292_1392,0.474392605419
2016_1292_1393,0.211306827182
2016_1292_1396,0.277827444248
2016_1292_1400,0.184920945515
2016_1292_1401,0.137774842403
2016_1292_1403,0.288587638617
2016_1292_1409,0.30570353755
2016_1292_1421,0.736457698765
2016_1292_1423,0.386230214785
2016_1292_1425,0.306093489496
2016_1292_1428,0.142132283786
2016_1292_1433,0.214382413377
2016_1292_1435,0.239709884537
2016_1292_1437,0.0640005614787
2016_1292_1438,0.0733057435112
2016_1292_1451,0.601283807697
2016_1292_1452,0.0715979330083
2016_1292_1453,0.430947524423
2016_1292_1455,0.177907180223
2016_1292_1458,0.162242904941
2016_1292_1462,0.0979017132324
2016_1292_1463,0.442048113528
2016_1314_1320,0.859664161
2016_1314_1323,0.705642469099
2016_1314_1328,0.636154548552
2016_1314_1332,0.587004851655
2016_1314_1333,0.862870452528
2016_1314_1338,0.728319316414
2016_1314_1344,0.734320226282
2016_1314_1345,0.61709247944
2016_1314_1355,0.903443305012
2016_1314_1371,0.728002347204
2016_1314_1372,0.832225024895
2016_1314_1380,0.988534749742
2016_1314_1386,0.82731475411
2016_1314_1392,0.925167220624
2016_1314_1393,0.785863866711
2016_1314_1396,0.840502793631
2016_1314_1400,0.756554424377
2016_1314_1401,0.686399964655
2016_1314_1403,0.847481658677
2016_1314_1409,0.857777805342
2016_1314_1421,0.974540463874
2016_1314_1423,0.896046762911
2016_1314_1425,0.858001712294
2016_1314_1428,0.694139970433
2016_1314_1433,0.788936868933
2016_1314_1435,0.811986057367
2016_1314_1437,0.483634532866
2016_1314_1438,0.520052496519
2016_1314_1451,0.953825583654
2016_1314_1452,0.51370633123
2016_1314_1453,0.912076073812
2016_1314_1455,0.747749692236
2016_1314_1458,0.726235121238
2016_1314_1462,0.597841247657
2016_1314_1463,0.915628709246
2016_1320_1323,0.281412161959
2016_1320_1328,0.222169363979
2016_1320_1332,0.18843919691
2016_1320_1333,0.506888895934
2016_1320_1338,0.304561614492
2016_1320_1344,0.311068720059
2016_1320_1345,0.208406787666
2016_1320_1355,0.604512185315
2016_1320_1371,0.304222555236
2016_1320_1372,0.447617432969
2016_1320_1380,0.933709693763
2016_1320_1386,0.439038174773
2016_1320_1392,0.668838693113
2016_1320_1393,0.374816290434
2016_1320_1396,0.462618062804
2016_1320_1400,0.336730140857
2016_1320_1401,0.26338683629
2016_1320_1403,0.475819671912
2016_1320_1409,0.496293406334
2016_1320_1421,0.862129958405
2016_1320_1423,0.584741897749
2016_1320_1425,0.496752530097
2016_1320_1428,0.270470827848
2016_1320_1433,0.379127745731
2016_1320_1435,0.413670025329
2016_1320_1437,0.132703173972
2016_1320_1438,0.150392219882
2016_1320_1451,0.771407139955
2016_1320_1452,0.147173734689
2016_1320_1453,0.628892901246
2016_1320_1455,0.326263279333
2016_1320_1458,0.302340568961
2016_1320_1462,0.195399008134
2016_1320_1463,0.639363493946
2016_1323_1328,0.427188183061
2016_1323_1332,0.377435458378
2016_1323_1333,0.728553011539
2016_1323_1338,0.533466685807
2016_1323_1344,0.541059460418
2016_1323_1345,0.407376960871
2016_1323_1355,0.799638745554
2016_1323_1371,0.533068128372
2016_1323_1372,0.679055414417
2016_1323_1380,0.973528491586
2016_1323_1386,0.671432172694
2016_1323_1392,0.840596565397
2016_1323_1393,0.610193740611
2016_1323_1396,0.69209435496
2016_1323_1400,0.569996311538
2016_1323_1401,0.482831036384
2016_1323_1403,0.703274408333
2016_1323_1409,0.720090296286
2016_1323_1421,0.942287177235
2016_1323_1423,0.786172477827
2016_1323_1425,0.720460328959
2016_1323_1428,0.491875987089
2016_1323_1433,0.614551242414
2016_1323_1435,0.648151113531
2016_1323_1437,0.285461395924
2016_1323_1438,0.316091603429
2016_1323_1451,0.898074418428
2016_1323_1452,0.310623521676
2016_1323_1453,0.815658609429
2016_1323_1455,0.55838283467
2016_1323_1458,0.530850567833
2016_1323_1462,0.388038067645
2016_1323_1463,0.822348250255
2016_1328_1332,0.450434722716
2016_1328_1333,0.783948555617
2016_1328_1338,0.607210225121
2016_1328_1344,0.614470178573
2016_1328_1345,0.481686637255
2016_1328_1355,0.843640864462
2016_1328_1371,0.606828235564
2016_1328_1372,0.740960658952
2016_1328_1380,0.980283605371
2016_1328_1386,0.734232337612
2016_1328_1392,0.876987509507
2016_1328_1393,0.679104609704
2016_1328_1396,0.752401616957
2016_1328_1400,0.641842343271
2016_1328_1401,0.557946080232
2016_1328_1403,0.762144478333
2016_1328_1409,0.776683499143
2016_1328_1421,0.956659667434
2016_1328_1423,0.832512541736
2016_1328_1425,0.777001885855
2016_1328_1428,0.56685584012
2016_1328_1433,0.683091857742
2016_1328_1435,0.713502353301
2016_1328_1437,0.350692442086
2016_1328_1438,0.384555037786
2016_1328_1451,0.922552450825
2016_1328_1452,0.378558168712
2016_1328_1453,0.856772703077
2016_1328_1455,0.630912810292
2016_1328_1458,0.604701209369
2016_1328_1462,0.461567632073
2016_1328_1463,0.862222361049
2016_1332_1333,0.819113254347
2016_1332_1338,0.658614242947
2016_1332_1344,0.66544756819
2016_1332_1345,0.536991822487
2016_1332_1355,0.870692519933
2016_1332_1371,0.658254108625
2016_1332_1372,0.781169033724
2016_1332_1380,0.984139186094
2016_1332_1386,0.775168191455
2016_1332_1392,0.898960833287
2016_1332_1393,0.725355507203
2016_1332_1396,0.791334227771
2016_1332_1400,0.691020341294
2016_1332_1401,0.611674137534
2016_1332_1403,0.799952432202
2016_1332_1409,0.812748223448
2016_1332_1421,0.964969873013
2016_1332_1423,0.861172681903
2016_1332_1425,0.813027569969
2016_1332_1428,0.620238062605
2016_1332_1433,0.728997403224
2016_1332_1435,0.756572608622
2016_1332_1437,0.402641100452
2016_1332_1438,0.438135075806
2016_1332_1451,0.936971608264
2016_1332_1452,0.43188900656
2016_1332_1453,0.88187054659
2016_1332_1455,0.680845296035
2016_1332_1458,0.656247693598
2016_1332_1462,0.516866368456
2016_1332_1463,0.88649177114
2016_1333_1338,0.299145143217
2016_1333_1344,0.305587375014
2016_1333_1345,0.204198262451
2016_1333_1355,0.598350990363
2016_1333_1371,0.298809523043
2016_1333_1372,0.441271122693
2016_1333_1380,0.932100942866
2016_1333_1386,0.432718214997
2016_1333_1392,0.663121165021
2016_1333_1393,0.368812995255
2016_1333_1396,0.456234733642
2016_1333_1400,0.331013876668
2016_1333_1401,0.258430518953
2016_1333_1403,0.469413303041
2016_1333_1409,0.48986899385
2016_1333_1421,0.859046327979
2016_1333_1423,0.578487465423
2016_1333_1425,0.490327959757
2016_1333_1428,0.265429240943
2016_1333_1433,0.373096606137
2016_1333_1435,0.407449998651
2016_1333_1437,0.129772772196
2016_1333_1438,0.147137470186
2016_1333_1451,0.766843146306
2016_1333_1452,0.143976834928
2016_1333_1453,0.622874575428
2016_1333_1455,0.320638802581
2016_1333_1458,0.296946731582
2016_1333_1462,0.191389650087
2016_1333_1463,0.633415992711
2016_1338_1344,0.516059712495
2016_1338_1345,0.383393984612
2016_1338_1355,0.783077322882
2016_1338_1371,0.508028886387
2016_1338_1372,0.656804620849
2016_1338_1380,0.970815835153
2016_1338_1386,0.648926109405
2016_1338_1392,0.826686859082
2016_1338_1393,0.586078913298
2016_1338_1396,0.670308644713
2016_1338_1400,0.545248003308
2016_1338_1401,0.457837753343
2016_1338_1403,0.68191617875
2016_1338_1409,0.699425151531
2016_1338_1421,0.936581631329
2016_1338_1423,0.768819764409
2016_1338_1425,0.699811114394
2016_1338_1428,0.466837137663
2016_1338_1433,0.590525088486
2016_1338_1435,0.624941145017
2016_1338_1437,0.265440987493
2016_1338_1438,0.294809312059
2016_1338_1451,0.888515092723
2016_1338_1452,0.289553520387
2016_1338_1453,0.800090311912
2016_1338_1455,0.53351314743
2016_1338_1458,0.505802654558
2016_1338_1462,0.364493361125
2016_1338_1463,0.807211382448
2016_1344_1345,0.366350952292
2016_1344_1355,0.770467726293
2016_1344_1371,0.489846882848
2016_1344_1372,0.640227186027
2016_1344_1380,0.968682934123
2016_1344_1386,0.632181234106
2016_1344_1392,0.816016665297
2016_1344_1393,0.568330469593
2016_1344_1396,0.654039916648
2016_1344_1400,0.527161279628
2016_1344_1401,0.439846070996
2016_1344_1403,0.665934770099
2016_1344_1409,0.683915680583
2016_1344_1421,0.932121686727
2016_1344_1423,0.755640006572
2016_1344_1425,0.684312569997
2016_1344_1428,0.448784545558
2016_1344_1433,0.572828336016
2016_1344_1435,0.60774378684
2016_1344_1437,0.251502647975
2016_1344_1438,0.27991649529
2016_1344_1451,0.881103952813
2016_1344_1452,0.274822737988
2016_1344_1453,0.788202189617
2016_1344_1455,0.515374531434
2016_1344_1458,0.487621355467
2016_1344_1462,0.347816582603
2016_1344_1463,0.79563856769
2016_1345_1355,0.855884292078
2016_1345_1371,0.62947063772
2016_1345_1372,0.758946959812
2016_1345_1380,0.982055051858
2016_1345_1386,0.752529786068
2016_1345_1392,0.886969626619
2016_1345_1393,0.699644864692
2016_1345_1396,0.769840277953
2016_1345_1400,0.663586184957
2016_1345_1401,0.581461961361
2016_1345_1403,0.779098403167
2016_1345_1409,0.792882733027
2016_1345_1421,0.960468043794
2016_1345_1423,0.845467739112
2016_1345_1425,0.793184174078
2016_1345_1428,0.590245833263
2016_1345_1433,0.703488326971
2016_1345_1435,0.732707444077
2016_1345_1437,0.372840640466
2016_1345_1438,0.407499674658
2016_1345_1451,0.929135871512
2016_1345_1452,0.401378352128
2016_1345_1453,0.868148571284
2016_1345_1455,0.65296141923
2016_1345_1458,0.627390890668
2016_1345_1462,0.485482584213
2016_1345_1463,0.873229432993
2016_1355_1371,0.223381564515
2016_1355_1372,0.34771477163
2016_1355_1380,0.902588671339
2016_1355_1386,0.339872161477
2016_1355_1392,0.57056087071
2016_1355_1393,0.2828421503
2016_1355_1396,0.361558831288
2016_1355_1400,0.25035918229
2016_1355_1401,0.190427230367
2016_1355_1403,0.373883011132
2016_1355_1409,0.393261258456
2016_1355_1421,0.804442814646
2016_1355_1423,0.480877535846
2016_1355_1425,0.393699565761
2016_1355_1428,0.196071242277
2016_1355_1433,0.286580605828
2016_1355_1435,0.316995994907
2016_1355_1437,0.0914494729475
2016_1355_1438,0.104300801024
2016_1355_1451,0.68943438115
2016_1355_1452,0.101950337173
2016_1355_1453,0.527141495262
2016_1355_1455,0.241599131703
2016_1355_1458,0.221840227256
2016_1355_1462,0.137750534845
2016_1355_1463,0.538375660064
2016_1371_1372,0.64952880811
2016_1371_1380,0.969891962114
2016_1371_1386,0.641574418581
2016_1371_1392,0.822036736701
2016_1371_1393,0.57826646383
2016_1371_1396,0.66317230356
2016_1371_1400,0.537273354243
2016_1371_1401,0.449876809829
2016_1371_1403,0.674909235271
2016_1371_1409,0.692630054965
2016_1371_1421,0.934646972751
2016_1371_1423,0.763062022357
2016_1371_1425,0.693020913669
2016_1371_1428,0.458852148634
2016_1371_1433,0.582736811044
2016_1371_1435,0.617383334684
2016_1371_1437,0.259225907001
2016_1371_1438,0.288176364103
2016_1371_1451,0.885293689353
2016_1371_1452,0.282991369373
2016_1371_1453,0.794903625603
2016_1371_1455,0.525511792466
2016_1371_1458,0.497773426751
2016_1371_1462,0.357086483546
2016_1371_1463,0.802163768929
2016_1372_1380,0.943908204725
2016_1372_1386,0.48321905227
2016_1372_1392,0.706999325946
2016_1372_1393,0.417342562357
2016_1372_1396,0.507027084317
2016_1372_1400,0.377544753837
2016_1372_1401,0.29932345444
2016_1372_1403,0.520269050131
2016_1372_1409,0.540682572607
2016_1372_1421,0.881948426271
2016_1372_1423,0.627191671324
2016_1372_1425,0.541138644723
2016_1372_1428,0.306971198384
2016_1372_1433,0.421813144401
2016_1372_1435,0.45737952071
2016_1372_1437,0.154550316176
2016_1372_1438,0.17456538974
2016_1372_1451,0.801260511203
2016_1372_1452,0.170933664355
2016_1372_1453,0.669381222263
2016_1372_1455,0.366510263179
2016_1372_1458,0.341130700885
2016_1372_1462,0.224891430991
2016_1372_1463,0.679292010378
2016_1380_1386,0.0518122797319
2016_1380_1392,0.123583812921
2016_1380_1393,0.0401764540048
2016_1380_1396,0.0566970068127
2016_1380_1400,0.0342321268193
2016_1380_1401,0.0243565143921
2016_1380_1403,0.0595996688346
2016_1380_1409,0.0643631909088
2016_1380_1421,0.303906411328
2016_1380_1423,0.0895135879456
2016_1380_1425,0.064473879574
2016_1380_1428,0.0252318161269
2016_1380_1433,0.0408903632968
2016_1380_1435,0.0469460276366
2016_1380_1437,0.0105698323631
2016_1380_1438,0.0122079242349
2016_1380_1451,0.190681961769
2016_1380_1452,0.0119052287068
2016_1380_1453,0.105799090929
2016_1380_1455,0.0327044293836
2016_1380_1458,0.0293681699018
2016_1380_1462,0.0166728264789
2016_1380_1463,0.110145452449
2016_1386_1392,0.721245075203
2016_1386_1393,0.434405034699
2016_1386_1396,0.524455815884
2016_1386_1400,0.394080623043
2016_1386_1401,0.314162491822
2016_1386_1403,0.537656523309
2016_1386_1409,0.557958798331
2016_1386_1421,0.889023300773
2016_1386_1423,0.643360318822
2016_1386_1425,0.558411726496
2016_1386_1428,0.322015130969
2016_1386_1433,0.438920705454
2016_1386_1435,0.474745150304
2016_1386_1437,0.163890954732
2016_1386_1438,0.184851206422
2016_1386_1451,0.812141025747
2016_1386_1452,0.181052427956
2016_1386_1453,0.684640138492
2016_1386_1455,0.382860103339
2016_1386_1458,0.356986375649
2016_1386_1462,0.237290127318
2016_1386_1463,0.69430241047
2016_1392_1393,0.234937993678
2016_1392_1396,0.306011432923
2016_1392_1400,0.206373415764
2016_1392_1401,0.154796667342
2016_1392_1403,0.317383463605
2016_1392_1409,0.335402034348
2016_1392_1421,0.762071246238
2016_1392_1423,0.419030282291
2016_1392_1425,0.335811546392
2016_1392_1428,0.159592816364
2016_1392_1433,0.238253629524
2016_1392_1435,0.265448385888
2016_1392_1437,0.0726759771106
2016_1392_1438,0.0831304715738
2016_1392_1451,0.633496882273
2016_1392_1452,0.081213832796
2016_1392_1453,0.46467011099
2016_1392_1455,0.198744389605
2016_1392_1458,0.181650840887
2016_1392_1462,0.110629358914
2016_1392_1463,0.475912875531
2016_1393_1396,0.592955684231
2016_1393_1400,0.462099042372
2016_1393_1401,0.376968799921
2016_1393_1403,0.605684546855
2016_1393_1409,0.625082641683
2016_1393_1421,0.913654783832
2016_1393_1423,0.704386672028
2016_1393_1425,0.625512954126
2016_1393_1428,0.385508887399
2016_1393_1433,0.508187454919
2016_1393_1435,0.544182157597
2016_1393_1437,0.205664203851
2016_1393_1438,0.230494120915
2016_1393_1451,0.850976268207
2016_1393_1452,0.226017435171
2016_1393_1453,0.741441668087
2016_1393_1455,0.450381385687
2016_1393_1458,0.423072736973
2016_1393_1462,0.291254729496
2016_1393_1463,0.749999099918
2016_1396_1400,0.365959234897
2016_1396_1401,0.289023727138
2016_1396_1403,0.507877340628
2016_1396_1409,0.528340128472
2016_1396_1421,0.876684741437
2016_1396_1423,0.615520807709
2016_1396_1425,0.528797775446
2016_1396_1428,0.296519678447
2016_1396_1433,0.409763448698
2016_1396_1435,0.445095954347
2016_1396_1437,0.148178719845
2016_1396_1438,0.167532148999
2016_1396_1451,0.793242534119
2016_1396_1452,0.164017670948
2016_1396_1453,0.658311578156
2016_1396_1455,0.355070199129
2016_1396_1458,0.330070065898
2016_1396_1462,0.216362035623
2016_1396_1463,0.66838980781
2016_1400_1401,0.427256954466
2016_1400_1403,0.65443480842
2016_1400_1409,0.672730505168
2016_1400_1421,0.92880538153
2016_1400_1423,0.746050482647
2016_1400_1425,0.673134726817
2016_1400_1428,0.436138788764
2016_1400_1433,0.560239802988
2016_1400_1435,0.595457536661
2016_1400_1437,0.241975553186
2016_1400_1438,0.269700893075
2016_1400_1451,0.875627673115
2016_1400_1452,0.264724691723
2016_1400_1453,0.779517662956
2016_1400_1455,0.502563160355
2016_1400_1458,0.474823937564
2016_1400_1462,0.336280196795
2016_1400_1463,0.787176629354
2016_1401_1403,0.711345955376
2016_1401_1409,0.727881409101
2016_1401_1421,0.944371361131
2016_1401_1423,0.792653866971
2016_1401_1425,0.728245029124
2016_1401_1428,0.501622920588
2016_1401_1433,0.623745034169
2016_1401_1435,0.656990790072
2016_1401_1437,0.293480500167
2016_1401_1438,0.324580299887
2016_1401_1451,0.901588505153
2016_1401_1452,0.319033873609
2016_1401_1453,0.821449221789
2016_1401_1455,0.567974537693
2016_1401_1458,0.540548218748
2016_1401_1462,0.397336369436
2016_1401_1463,0.827973043955
2016_1403_1409,0.520470306503
2016_1403_1421,0.873232614254
2016_1403_1423,0.608026434371
2016_1403_1425,0.520928665551
2016_1403_1428,0.289979946601
2016_1403_1433,0.402153908489
2016_1403_1435,0.437316418332
2016_1403_1437,0.144239831114
2016_1403_1438,0.163177357285
2016_1403_1451,0.788019316914
2016_1403_1452,0.15973670435
2016_1403_1453,0.651178607952
2016_1403_1455,0.347877712343
2016_1403_1458,0.323130264506
2016_1403_1462,0.211059776313
2016_1403_1463,0.661359001061
2016_1409_1421,0.856655123558
2016_1409_1423,0.57369864434
2016_1409_1425,0.485428475659
2016_1409_1428,0.261623452845
2016_1409_1433,0.368521535673
2016_1409_1435,0.402724288075
2016_1409_1437,0.127574254326
2016_1409_1438,0.144693685677
2016_1409_1451,0.763318720327
2016_1409_1452,0.14157683075
2016_1409_1453,0.618257262248
2016_1409_1455,0.316382355028
2016_1409_1458,0.292869210251
2016_1409_1462,0.188373223503
2016_1409_1463,0.628850838498
2016_1421_1423,0.178732196423
2016_1421_1425,0.132363488369
2016_1421_1428,0.0541940616198
2016_1421_1433,0.0862361185398
2016_1421_1435,0.0983188609197
2016_1421_1437,0.0231012252759
2016_1421_1438,0.026629139149
2016_1421_1451,0.342773872034
2016_1421_1452,0.0259782735021
2016_1421_1453,0.207549416688
2016_1421_1455,0.0696313691355
2016_1421_1458,0.0627725611425
2016_1421_1462,0.0361752677812
2016_1421_1463,0.215070442637
2016_1423_1425,0.402710688979
2016_1423_1428,0.202066527288
2016_1423_1433,0.294330175602
2016_1423_1435,0.325193137975
2016_1423_1437,0.0946222552278
2016_1423_1438,0.107866516886
2016_1423_1451,0.69742813425
2016_1423_1452,0.105445157774
2016_1423_1453,0.536504219637
2016_1423_1455,0.248556118378
2016_1423_1458,0.228399595273
2016_1423_1462,0.142278144941
2016_1423_1463,0.547706800482
2016_1425_1428,0.280722857652
2016_1425_1433,0.391289316279
2016_1425_1435,0.42617905492
2016_1425_1437,0.138726213457
2016_1425_1438,0.15707271502
2016_1425_1451,0.7803367843
2016_1425_1452,0.153737133078
2016_1425_1453,0.640797352793
2016_1425_1455,0.337651295082
2016_1425_1458,0.313281848736
2016_1425_1462,0.203599633582
2016_1425_1463,0.651118397614
2016_1428_1433,0.632383943391
2016_1428_1435,0.665275999155
2016_1428_1437,0.301207041072
2016_1428_1438,0.332740007197
2016_1428_1451,0.904821496739
2016_1428_1452,0.327121678592
2016_1428_1453,0.82680919825
2016_1428_1455,0.577025614945
2016_1428_1458,0.549718359827
2016_1428_1462,0.40622505462
2016_1428_1463,0.833176951688
2016_1433_1435,0.526054824603
2016_1433_1437,0.194013613753
2016_1433_1438,0.217822662902
2016_1433_1451,0.841496033458
2016_1433_1452,0.213523793717
2016_1433_1453,0.727226891099
2016_1433_1455,0.432414481713
2016_1433_1458,0.405391709118
2016_1433_1462,0.276442948763
2016_1433_1463,0.736087326481
2016_1435_1437,0.187916966874
2016_1435_1438,0.211173870851
2016_1435_1451,0.836161119185
2016_1435_1452,0.206971498258
2016_1435_1453,0.719328724369
2016_1435_1455,0.422755792025
2016_1435_1458,0.395915581616
2016_1435_1462,0.268619335198
2016_1435_1463,0.728349880315
2016_1437_1438,0.534927439772
2016_1437_1451,0.956384172482
2016_1437_1452,0.528599674913
2016_1437_1453,0.916746138181
2016_1437_1455,0.758840130258
2016_1437_1458,0.737939960797
2016_1437_1462,0.612103532815
2016_1437_1463,0.920126600839
2016_1438_1451,0.951548526927
2016_1438_1452,0.501078014735
2016_1438_1453,0.907938886497
2016_1438_1455,0.738100549567
2016_1438_1458,0.716075487918
2016_1438_1462,0.585635444195
2016_1438_1463,0.911642493979
2016_1451_1452,0.0495885481039
2016_1451_1453,0.338782907569
2016_1451_1455,0.127713579942
2016_1451_1458,0.115845957212
2016_1451_1462,0.0684022240976
2016_1451_1463,0.348965315788
2016_1452_1453,0.895300007974
2016_1452_1455,0.709602606342
2016_1452_1458,0.686199846872
2016_1452_1462,0.550647380782
2016_1452_1463,0.899455769608
2016_1453_1455,0.212404258134
2016_1453_1458,0.194420928296
2016_1453_1462,0.119133467322
2016_1453_1463,0.496810979852
2016_1455_1458,0.460382038335
2016_1455_1462,0.323456828493
2016_1455_1463,0.777295502199
2016_1458_1462,0.364202360178
2016_1458_1463,0.807015770686
2016_1462_1463,0.873374907377
